Gene Symbol,Description,Category,Uniprot ID,Gifts,GC Id,Relevance score, GeneCards Link or Note
AAR2,AAR2 Splicing Factor,Protein Coding,Q9Y312,45,GC20P036236,0.485555649,https://www.genecards.org/cgi-bin/carddisp.pl?gene=AAR2
ACIN1,Apoptotic Chromatin Condensation Inducer 1,Protein Coding,Q9UKV3,45,GC14M023058,2.069503307,https://www.genecards.org/cgi-bin/carddisp.pl?gene=ACIN1
AFF2,ALF Transcription Elongation Factor 2,Protein Coding,P51816,51,GC0XP148500,0.686679363,https://www.genecards.org/cgi-bin/carddisp.pl?gene=AFF2
AHNAK,AHNAK Nucleoprotein,Protein Coding,Q09666,45,GC11M125227,0.485555649,https://www.genecards.org/cgi-bin/carddisp.pl?gene=AHNAK
AHNAK2,AHNAK Nucleoprotein 2,Protein Coding,Q8IVF2,38,GC14M104937,0.485555649,https://www.genecards.org/cgi-bin/carddisp.pl?gene=AHNAK2
AKAP17A,A-Kinase Anchoring Protein 17A,Protein Coding,Q02040,37,GC0XP001591,0.686679363,https://www.genecards.org/cgi-bin/carddisp.pl?gene=AKAP17A
AKAP8L,A-Kinase Anchoring Protein 8 Like,Protein Coding,Q9ULX6,43,GC19M015380,0.485555649,https://www.genecards.org/cgi-bin/carddisp.pl?gene=AKAP8L
ALYREF,Aly/REF Export Factor,Protein Coding,Q86V81,47,GC17M081887,1.868379593,https://www.genecards.org/cgi-bin/carddisp.pl?gene=ALYREF
ANK3,Ankyrin 3,Protein Coding,Q12955,51,GC10M060026,1.571356297,https://www.genecards.org/cgi-bin/carddisp.pl?gene=ANK3
APLP2,Amyloid Beta Precursor Like Protein 2,Protein Coding,Q06481,51,GC11P130069,1.571356297,https://www.genecards.org/cgi-bin/carddisp.pl?gene=APLP2
AQR,Aquarius Intron-Binding Spliceosomal Factor,Protein Coding,O60306,43,GC15M034851,2.069503307,https://www.genecards.org/cgi-bin/carddisp.pl?gene=AQR
ARB2A,ARB2 Cotranscriptional Regulator A,Protein Coding,Q8WUF8,43,GC05M093617,0.686679363,https://www.genecards.org/cgi-bin/carddisp.pl?gene=ARB2A
ARL6IP4,ADP Ribosylation Factor Like GTPase 6 Interacting Protein 4,Protein Coding,Q66PJ3,37,GC12P122980,0.485555649,https://www.genecards.org/cgi-bin/carddisp.pl?gene=ARL6IP4
ARMC7,Armadillo Repeat Containing 7,Protein Coding,Q9H6L4,37,GC17P075109,0.485555649,https://www.genecards.org/cgi-bin/carddisp.pl?gene=ARMC7
ARVCF,ARVCF Delta Catenin Family Member,Protein Coding,O00192,46,GC22M019974,0.485555649,https://www.genecards.org/cgi-bin/carddisp.pl?gene=ARVCF
ATP2B1,ATPase Plasma Membrane Ca2+ Transporting 1,Protein Coding,P20020,51,GC12M089588,1.571356297,https://www.genecards.org/cgi-bin/carddisp.pl?gene=ATP2B1
ATXN7,Ataxin 7,Protein Coding,O15265,51,GC03P063880,0.485555649,https://www.genecards.org/cgi-bin/carddisp.pl?gene=ATXN7
ATXN7L3,Ataxin 7 Like 3,Protein Coding,Q14CW9,40,GC17M044191,0.485555649,https://www.genecards.org/cgi-bin/carddisp.pl?gene=ATXN7L3
BCAS2,BCAS2 Pre-MRNA Processing Factor,Protein Coding,O75934,46,GC01M114567,2.223830938,https://www.genecards.org/cgi-bin/carddisp.pl?gene=BCAS2
BCLAF1,BCL2 Associated Transcription Factor 1,Protein Coding,Q9NYF8,47,GC06M136256,0.485555649,https://www.genecards.org/cgi-bin/carddisp.pl?gene=BCLAF1
BRDT,Bromodomain Testis Associated,Protein Coding,Q58F21,53,GC01P091949,0.686679363,https://www.genecards.org/cgi-bin/carddisp.pl?gene=BRDT
BUD13,BUD13 Homolog,Protein Coding,Q9BRD0,41,GC11M126470,2.069503307,https://www.genecards.org/cgi-bin/carddisp.pl?gene=BUD13
BUD31,BUD31 Homolog,Protein Coding,P41223,41,GC07P099408,2.069503307,https://www.genecards.org/cgi-bin/carddisp.pl?gene=BUD31
C1QBP,Complement C1q Binding Protein,Protein Coding,Q07021,53,GC17M005432,0.686679363,https://www.genecards.org/cgi-bin/carddisp.pl?gene=C1QBP
C2orf49,Chromosome 2 Open Reading Frame 49,Protein Coding,Q9BVC5,37,GC02P105337,0.485555649,https://www.genecards.org/cgi-bin/carddisp.pl?gene=C2orf49
C9orf78,Chromosome 9 Open Reading Frame 78,Protein Coding,Q9NZ63,40,GC09M129827,2.223830938,https://www.genecards.org/cgi-bin/carddisp.pl?gene=C9orf78
CACTIN,"Cactin, Spliceosome C Complex Subunit",Protein Coding,Q8WUQ7,38,GC19M003610,2.223830938,https://www.genecards.org/cgi-bin/carddisp.pl?gene=CACTIN
CADM1,Cell Adhesion Molecule 1,Protein Coding,Q9BY67,53,GC11M115169,1.571356297,https://www.genecards.org/cgi-bin/carddisp.pl?gene=CADM1
CADM3,Cell Adhesion Molecule 3,Protein Coding,Q8N126,49,GC01P164772,1.571356297,https://www.genecards.org/cgi-bin/carddisp.pl?gene=CADM3
CAMK2G,Calcium/Calmodulin Dependent Protein Kinase II Gamma,Protein Coding,Q13555,58,GC10M073812,1.571356297,https://www.genecards.org/cgi-bin/carddisp.pl?gene=CAMK2G
CASC3,CASC3 Exon Junction Complex Subunit,Protein Coding,O15234,41,GC17P040140,2.069503307,https://www.genecards.org/cgi-bin/carddisp.pl?gene=CASC3
CASK,Calcium/Calmodulin Dependent Serine Protein Kinase,Protein Coding,O14936,58,GC0XM041514,1.571356297,https://www.genecards.org/cgi-bin/carddisp.pl?gene=CASK
CAV2,Caveolin 2,Protein Coding,P51636,51,GC07P116287,1.571356297,https://www.genecards.org/cgi-bin/carddisp.pl?gene=CAV2
CCAR1,Cell Division Cycle And Apoptosis Regulator 1,Protein Coding,Q8IX12,44,GC10P068721,1.382823944,https://www.genecards.org/cgi-bin/carddisp.pl?gene=CCAR1
CCAR2,Cell Cycle And Apoptosis Regulator 2,Protein Coding,Q8N163,45,GC08P022604,0.485555649,https://www.genecards.org/cgi-bin/carddisp.pl?gene=CCAR2
CCDC12,Coiled-Coil Domain Containing 12,Protein Coding,Q8WUD4,37,GC03M046954,1.382823944,https://www.genecards.org/cgi-bin/carddisp.pl?gene=CCDC12
CCNL1,Cyclin L1,Protein Coding,Q9UK58,47,GC03M157146,0.485555649,https://www.genecards.org/cgi-bin/carddisp.pl?gene=CCNL1
CCNL2,Cyclin L2,Protein Coding,Q96S94,45,GC01M001385,0.485555649,https://www.genecards.org/cgi-bin/carddisp.pl?gene=CCNL2
CD2BP2,CD2 Cytoplasmic Tail Binding Protein 2,Protein Coding,O95400,41,GC16M030350,0.485555649,https://www.genecards.org/cgi-bin/carddisp.pl?gene=CD2BP2
CDC40,Cell Division Cycle 40,Protein Coding,O60508,46,GC06P110180,2.069503307,https://www.genecards.org/cgi-bin/carddisp.pl?gene=CDC40
CDC5L,Cell Division Cycle 5 Like,Protein Coding,Q99459,46,GC06P044387,2.069503307,https://www.genecards.org/cgi-bin/carddisp.pl?gene=CDC5L
CDH2,Cadherin 2,Protein Coding,P19022,60,GC18M034101,1.571356297,https://www.genecards.org/cgi-bin/carddisp.pl?gene=CDH2
CDK11A,Cyclin Dependent Kinase 11A,Protein Coding,Q9UQ88,47,GC01M001702,0.485555649,https://www.genecards.org/cgi-bin/carddisp.pl?gene=CDK11A
CDK11B,Cyclin Dependent Kinase 11B,Protein Coding,P21127,48,GC01M014206,0.485555649,https://www.genecards.org/cgi-bin/carddisp.pl?gene=CDK11B
CDK12,Cyclin Dependent Kinase 12,Protein Coding,Q9NYV4,54,GC17P039461,0.485555649,https://www.genecards.org/cgi-bin/carddisp.pl?gene=CDK12
CDK13,Cyclin Dependent Kinase 13,Protein Coding,Q14004,52,GC07P039950,0.686679363,https://www.genecards.org/cgi-bin/carddisp.pl?gene=CDK13
CELF1,CUGBP Elav-Like Family Member 1,Protein Coding,Q92879,49,GC11M125009,0.841007054,https://www.genecards.org/cgi-bin/carddisp.pl?gene=CELF1
CELF2,CUGBP Elav-Like Family Member 2,Protein Coding,O95319,53,GC10P010462,0.485555649,https://www.genecards.org/cgi-bin/carddisp.pl?gene=CELF2
CELF3,CUGBP Elav-Like Family Member 3,Protein Coding,Q5SZQ8,43,GC01M151700,0.841007054,https://www.genecards.org/cgi-bin/carddisp.pl?gene=CELF3
CELF4,CUGBP Elav-Like Family Member 4,Protein Coding,Q9BZC1,48,GC18M037242,1.08573544,https://www.genecards.org/cgi-bin/carddisp.pl?gene=CELF4
CELF5,CUGBP Elav-Like Family Member 5,Protein Coding,Q8N6W0,45,GC19P003224,0.485555649,https://www.genecards.org/cgi-bin/carddisp.pl?gene=CELF5
CELF6,CUGBP Elav-Like Family Member 6,Protein Coding,Q96J87,38,GC15M148091,0.485555649,https://www.genecards.org/cgi-bin/carddisp.pl?gene=CELF6
CENATAC,Centrosomal AT-AC Splicing Factor,Protein Coding,Q86UT8,38,GC11P122200,0.686679363,https://www.genecards.org/cgi-bin/carddisp.pl?gene=CENATAC
CEP97,Centrosomal Protein 97,Protein Coding,Q8IW35,45,GC03P102055,0.485555649,https://www.genecards.org/cgi-bin/carddisp.pl?gene=CEP97
CHERP,Calcium Homeostasis Endoplasmic Reticulum Protein,Protein Coding,Q8IWX8,44,GC19M016517,1.382823944,https://www.genecards.org/cgi-bin/carddisp.pl?gene=CHERP
CHL1,Cell Adhesion Molecule L1 Like,Protein Coding,O00533,51,GC03P000213,1.571356297,https://www.genecards.org/cgi-bin/carddisp.pl?gene=CHL1
CIR1,"Corepressor Interacting With RBPJ, CIR1",Protein Coding,Q86X95,45,GC02M174348,0.485555649,https://www.genecards.org/cgi-bin/carddisp.pl?gene=CIR1
CIRBP,Cold Inducible RNA Binding Protein,Protein Coding,Q14011,43,GC19P001259,0.485555649,https://www.genecards.org/cgi-bin/carddisp.pl?gene=CIRBP
CLASP1,Cytoplasmic Linker Associated Protein 1,Protein Coding,Q7Z460,49,GC02M121337,1.571356297,https://www.genecards.org/cgi-bin/carddisp.pl?gene=CLASP1
CLASRP,CLK4 Associating Serine/Arginine Rich Protein,Protein Coding,Q8N2M8,41,GC19P045039,0.485555649,https://www.genecards.org/cgi-bin/carddisp.pl?gene=CLASRP
CLK1,CDC Like Kinase 1,Protein Coding,P49759,45,GC02M200853,0.485555649,https://www.genecards.org/cgi-bin/carddisp.pl?gene=CLK1
CLK2,CDC Like Kinase 2,Protein Coding,P49760,44,GC01M155262,0.485555649,https://www.genecards.org/cgi-bin/carddisp.pl?gene=CLK2
CLK3,CDC Like Kinase 3,Protein Coding,P49761,45,GC15P074598,0.485555649,https://www.genecards.org/cgi-bin/carddisp.pl?gene=CLK3
CLK4,CDC Like Kinase 4,Protein Coding,Q9HAZ1,47,GC05M178602,0.485555649,https://www.genecards.org/cgi-bin/carddisp.pl?gene=CLK4
CLNS1A,Chloride Nucleotide-Sensitive Channel 1A,Protein Coding,P54105,42,GC11M125839,0.841007054,https://www.genecards.org/cgi-bin/carddisp.pl?gene=CLNS1A
CLP1,Cleavage Factor Polyribonucleotide Kinase Subunit 1,Protein Coding,Q92989,50,GC11P057648,0.485555649,https://www.genecards.org/cgi-bin/carddisp.pl?gene=CLP1
CLSTN1,Calsyntenin 1,Protein Coding,O94985,47,GC01M014473,1.571356297,https://www.genecards.org/cgi-bin/carddisp.pl?gene=CLSTN1
CRIPT,CXXC Repeat Containing Interactor Of PDZ3 Domain,Protein Coding,Q9P021,47,GC02P046616,0.485555649,https://www.genecards.org/cgi-bin/carddisp.pl?gene=CRIPT
CRNKL1,Crooked Neck Pre-MRNA Splicing Factor 1,Protein Coding,Q9BZJ0,44,GC20M020034,2.069503307,https://www.genecards.org/cgi-bin/carddisp.pl?gene=CRNKL1
CTNNBL1,Catenin Beta Like 1,Protein Coding,Q8WYA6,46,GC20P041015,2.069503307,https://www.genecards.org/cgi-bin/carddisp.pl?gene=CTNNBL1
CWC15,CWC15 Spliceosome Associated Protein Homolog,Protein Coding,Q9P013,39,GC11M094962,2.223830938,https://www.genecards.org/cgi-bin/carddisp.pl?gene=CWC15
CWC22,CWC22 Spliceosome Associated Protein Homolog,Protein Coding,Q9HCG8,39,GC02M179944,2.223830938,https://www.genecards.org/cgi-bin/carddisp.pl?gene=CWC22
CWC25,CWC25 Spliceosome Associated Protein Homolog,Protein Coding,Q9NXE8,39,GC17M077497,2.069503307,https://www.genecards.org/cgi-bin/carddisp.pl?gene=CWC25
CWC27,CWC27 Spliceosome Associated Cyclophilin,Protein Coding,Q6UX04,47,GC05P064768,1.868379593,https://www.genecards.org/cgi-bin/carddisp.pl?gene=CWC27
CWF19L1,CWF19 Like Cell Cycle Control Factor 1,Protein Coding,Q69YN2,44,GC10M100232,0.485555649,https://www.genecards.org/cgi-bin/carddisp.pl?gene=CWF19L1
CWF19L2,CWF19 Like Cell Cycle Control Factor 2,Protein Coding,Q2TBE0,38,GC11M107326,1.868379593,https://www.genecards.org/cgi-bin/carddisp.pl?gene=CWF19L2
DAB1,DAB Adaptor Protein 1,Protein Coding,O75553,52,GC01M056994,1.571356297,https://www.genecards.org/cgi-bin/carddisp.pl?gene=DAB1
DAZAP1,DAZ Associated Protein 1,Protein Coding,Q96EP5,46,GC19P001407,0.485555649,https://www.genecards.org/cgi-bin/carddisp.pl?gene=DAZAP1
DBR1,Debranching RNA Lariats 1,Protein Coding,Q9UK59,44,GC03M138160,0.686679363,https://www.genecards.org/cgi-bin/carddisp.pl?gene=DBR1
DCPS,"Decapping Enzyme, Scavenger",Protein Coding,Q96C86,48,GC11P126326,0.686679363,https://www.genecards.org/cgi-bin/carddisp.pl?gene=DCPS
DDX1,DEAD-Box Helicase 1,Protein Coding,Q92499,53,GC02P015591,1.463359833,https://www.genecards.org/cgi-bin/carddisp.pl?gene=DDX1
DDX17,DEAD-Box Helicase 17,Protein Coding,Q92841,50,GC22M038483,0.841007054,https://www.genecards.org/cgi-bin/carddisp.pl?gene=DDX17
DDX20,DEAD-Box Helicase 20,Protein Coding,Q9UHI6,50,GC01P111758,0.485555649,https://www.genecards.org/cgi-bin/carddisp.pl?gene=DDX20
DDX23,DEAD-Box Helicase 23,Protein Coding,Q9BUQ8,48,GC12M048829,3.128165722,https://www.genecards.org/cgi-bin/carddisp.pl?gene=DDX23
DDX39A,DExD-Box Helicase 39A,Protein Coding,O00148,44,GC19M014408,0.686679363,https://www.genecards.org/cgi-bin/carddisp.pl?gene=DDX39A
DDX39B,DExD-Box Helicase 39B,Protein Coding,Q13838,50,GC06M031530,2.069503307,https://www.genecards.org/cgi-bin/carddisp.pl?gene=DDX39B
DDX41,DEAD-Box Helicase 41,Protein Coding,Q9UJV9,52,GC05M177511,2.069503307,https://www.genecards.org/cgi-bin/carddisp.pl?gene=DDX41
DDX42,DEAD-Box Helicase 42,Protein Coding,Q86XP3,41,GC17P063773,2.287158728,https://www.genecards.org/cgi-bin/carddisp.pl?gene=DDX42
DDX46,DEAD-Box Helicase 46,Protein Coding,Q7L014,43,GC05P134758,2.069503307,https://www.genecards.org/cgi-bin/carddisp.pl?gene=DDX46
DDX47,DEAD-Box Helicase 47,Protein Coding,Q9H0S4,44,GC12P039211,0.485555649,https://www.genecards.org/cgi-bin/carddisp.pl?gene=DDX47
DDX5,DEAD-Box Helicase 5,Protein Coding,P17844,54,GC17M064498,2.353935242,https://www.genecards.org/cgi-bin/carddisp.pl?gene=DDX5
DHX15,DEAH-Box Helicase 15,Protein Coding,O43143,46,GC04M024519,2.069503307,https://www.genecards.org/cgi-bin/carddisp.pl?gene=DHX15
DHX16,DEAH-Box Helicase 16,Protein Coding,O60231,50,GC06M030653,2.069503307,https://www.genecards.org/cgi-bin/carddisp.pl?gene=DHX16
DHX35,DEAH-Box Helicase 35,Protein Coding,Q9H5Z1,43,GC20P041149,2.069503307,https://www.genecards.org/cgi-bin/carddisp.pl?gene=DHX35
DHX38,DEAH-Box Helicase 38,Protein Coding,Q92620,50,GC16P083109,2.069503307,https://www.genecards.org/cgi-bin/carddisp.pl?gene=DHX38
DHX8,DEAH-Box Helicase 8,Protein Coding,Q14562,46,GC17P043483,2.069503307,https://www.genecards.org/cgi-bin/carddisp.pl?gene=DHX8
DHX9,DExH-Box Helicase 9,Protein Coding,Q08211,52,GC01P182839,2.069503307,https://www.genecards.org/cgi-bin/carddisp.pl?gene=DHX9
DNAJC8,DnaJ Heat Shock Protein Family (Hsp40) Member C8,Protein Coding,O75937,44,GC01M028199,1.382823944,https://www.genecards.org/cgi-bin/carddisp.pl?gene=DNAJC8
DYRK1A,Dual Specificity Tyrosine Phosphorylation Regulated Kinase 1A,Protein Coding,Q13627,59,GC21P037365,0.686679363,https://www.genecards.org/cgi-bin/carddisp.pl?gene=DYRK1A
ECD,Ecdysoneless Cell Cycle Regulator,Protein Coding,O95905,48,GC10M073130,0.485555649,https://www.genecards.org/cgi-bin/carddisp.pl?gene=ECD
EFNA5,Ephrin A5,Protein Coding,P52803,52,GC05M107376,1.571356297,https://www.genecards.org/cgi-bin/carddisp.pl?gene=EFNA5
EFTUD2,Elongation Factor Tu GTP Binding Domain Containing 2,Protein Coding,Q15029,50,GC17M077874,2.973838091,https://www.genecards.org/cgi-bin/carddisp.pl?gene=EFTUD2
EIF1,Eukaryotic Translation Initiation Factor 1,Protein Coding,P41567,45,GC17P041688,0.485555649,https://www.genecards.org/cgi-bin/carddisp.pl?gene=EIF1
EIF4A3,Eukaryotic Translation Initiation Factor 4A3,Protein Coding,P38919,53,GC17M080237,2.069503307,https://www.genecards.org/cgi-bin/carddisp.pl?gene=EIF4A3
ELAVL4,ELAV Like RNA Binding Protein 4,Protein Coding,P26378,48,GC01P050098,0.485555649,https://www.genecards.org/cgi-bin/carddisp.pl?gene=ELAVL4
ENSG00000267120,Novel Transcript,Protein Coding,,8,GC19M092720,0.485555649,https://www.genecards.org/cgi-bin/carddisp.pl?gene=ENSG00000267120
ENSG00000286070,Novel Protein,Protein Coding,,8,GC22P071089,0.485555649,https://www.genecards.org/cgi-bin/carddisp.pl?gene=ENSG00000286070
ENSG00000289565,Novel Protein,Protein Coding,,6,GC01M161380,0.485555649,https://www.genecards.org/cgi-bin/carddisp.pl?gene=ENSG00000289565
ENY2,ENY2 Transcription And Export Complex 2 Subunit,Protein Coding,Q9NPA8,41,GC08P109334,0.485555649,https://www.genecards.org/cgi-bin/carddisp.pl?gene=ENY2
EPB41,Erythrocyte Membrane Protein Band 4.1,Protein Coding,P11171,54,GC01P028887,1.571356297,https://www.genecards.org/cgi-bin/carddisp.pl?gene=EPB41
EPB41L1,Erythrocyte Membrane Protein Band 4.1 Like 1,Protein Coding,Q9H4G0,51,GC20P036091,1.571356297,https://www.genecards.org/cgi-bin/carddisp.pl?gene=EPB41L1
EPB41L2,Erythrocyte Membrane Protein Band 4.1 Like 2,Protein Coding,O43491,46,GC06M130820,1.571356297,https://www.genecards.org/cgi-bin/carddisp.pl?gene=EPB41L2
EPB41L3,Erythrocyte Membrane Protein Band 4.1 Like 3,Protein Coding,Q9Y2J2,50,GC18M005392,1.571356297,https://www.genecards.org/cgi-bin/carddisp.pl?gene=EPB41L3
ERN1,Endoplasmic Reticulum To Nucleus Signaling 1,Protein Coding,O75460,56,GC17M064039,0.686679363,https://www.genecards.org/cgi-bin/carddisp.pl?gene=ERN1
ESRP1,Epithelial Splicing Regulatory Protein 1,Protein Coding,Q6NXG1,45,GC08P094641,1.664483547,https://www.genecards.org/cgi-bin/carddisp.pl?gene=ESRP1
ESRP2,Epithelial Splicing Regulatory Protein 2,Protein Coding,Q9H6T0,44,GC16M068229,1.818811178,https://www.genecards.org/cgi-bin/carddisp.pl?gene=ESRP2
ESS2,Ess-2 Splicing Factor Homolog,Protein Coding,Q96DF8,46,GC22M019130,0.686679363,https://www.genecards.org/cgi-bin/carddisp.pl?gene=ESS2
EXOSC10,Exosome Component 10,Protein Coding,Q01780,47,GC01M014495,0.485555649,https://www.genecards.org/cgi-bin/carddisp.pl?gene=EXOSC10
FAM32A,Family With Sequence Similarity 32 Member A,Protein Coding,Q9Y421,37,GC19P112588,1.382823944,https://www.genecards.org/cgi-bin/carddisp.pl?gene=FAM32A
FAM50A,Family With Sequence Similarity 50 Member A,Protein Coding,Q14320,47,GC0XP154738,2.069503307,https://www.genecards.org/cgi-bin/carddisp.pl?gene=FAM50A
FAM98A,Family With Sequence Similarity 98 Member A,Protein Coding,Q8NCA5,37,GC02M033532,0.485555649,https://www.genecards.org/cgi-bin/carddisp.pl?gene=FAM98A
FAM98B,Family With Sequence Similarity 98 Member B,Protein Coding,Q52LJ0,41,GC15P038454,1.463359833,https://www.genecards.org/cgi-bin/carddisp.pl?gene=FAM98B
FASTK,Fas Activated Serine/Threonine Kinase,Protein Coding,Q14296,43,GC07M151077,0.485555649,https://www.genecards.org/cgi-bin/carddisp.pl?gene=FASTK
FMR1,Fragile X Messenger Ribonucleoprotein 1,Protein Coding,Q06787,53,GC0XP148000,0.686679363,https://www.genecards.org/cgi-bin/carddisp.pl?gene=FMR1
FRA10AC1,FRA10A Associated CGG Repeat 1,Protein Coding,Q70Z53,43,GC10M093667,0.485555649,https://www.genecards.org/cgi-bin/carddisp.pl?gene=FRA10AC1
FRG1,FSHD Region Gene 1,Protein Coding,Q14331,50,GC04P189940,0.686679363,https://www.genecards.org/cgi-bin/carddisp.pl?gene=FRG1
FUS,FUS RNA Binding Protein,Protein Coding,P35637,54,GC16P031180,2.069503307,https://www.genecards.org/cgi-bin/carddisp.pl?gene=FUS
FXR1,FMR1 Autosomal Homolog 1,Protein Coding,P51114,53,GC03P180868,0.485555649,https://www.genecards.org/cgi-bin/carddisp.pl?gene=FXR1
FXR2,FMR1 Autosomal Homolog 2,Protein Coding,P51116,48,GC17M074874,0.485555649,https://www.genecards.org/cgi-bin/carddisp.pl?gene=FXR2
GABBR2,Gamma-Aminobutyric Acid Type B Receptor Subunit 2,Protein Coding,O75899,57,GC09M098288,1.571356297,https://www.genecards.org/cgi-bin/carddisp.pl?gene=GABBR2
GABRG2,Gamma-Aminobutyric Acid Type A Receptor Subunit Gamma2,Protein Coding,P18507,57,GC05P162000,1.571356297,https://www.genecards.org/cgi-bin/carddisp.pl?gene=GABRG2
GCFC2,GC-Rich Sequence DNA-Binding Factor 2,Protein Coding,P16383,43,GC02M075652,2.069503307,https://www.genecards.org/cgi-bin/carddisp.pl?gene=GCFC2
GEMIN2,Gem Nuclear Organelle Associated Protein 2,Protein Coding,O14893,48,GC14P039114,0.686679363,https://www.genecards.org/cgi-bin/carddisp.pl?gene=GEMIN2
GEMIN4,Gem Nuclear Organelle Associated Protein 4,Protein Coding,P57678,47,GC17M000744,0.485555649,https://www.genecards.org/cgi-bin/carddisp.pl?gene=GEMIN4
GEMIN5,Gem Nuclear Organelle Associated Protein 5,Protein Coding,Q8TEQ6,43,GC05M154887,0.686679363,https://www.genecards.org/cgi-bin/carddisp.pl?gene=GEMIN5
GEMIN6,Gem Nuclear Organelle Associated Protein 6,Protein Coding,Q8WXD5,41,GC02P038751,0.686679363,https://www.genecards.org/cgi-bin/carddisp.pl?gene=GEMIN6
GEMIN7,Gem Nuclear Organelle Associated Protein 7,Protein Coding,Q9H840,39,GC19P045075,0.686679363,https://www.genecards.org/cgi-bin/carddisp.pl?gene=GEMIN7
GEMIN8,Gem Nuclear Organelle Associated Protein 8,Protein Coding,Q9NWZ8,44,GC0XM014980,0.485555649,https://www.genecards.org/cgi-bin/carddisp.pl?gene=GEMIN8
GPATCH1,G-Patch Domain Containing 1,Protein Coding,Q9BRR8,37,GC19P033080,1.868379593,https://www.genecards.org/cgi-bin/carddisp.pl?gene=GPATCH1
GPHN,Gephyrin,Protein Coding,Q9NQX3,56,GC14P066507,1.571356297,https://www.genecards.org/cgi-bin/carddisp.pl?gene=GPHN
GPKOW,G-Patch Domain And KOW Motifs,Protein Coding,Q92917,42,GC0XM049113,2.069503307,https://www.genecards.org/cgi-bin/carddisp.pl?gene=GPKOW
GRIK2,Glutamate Ionotropic Receptor Kainate Type Subunit 2,Protein Coding,Q13002,58,GC06P100962,1.571356297,https://www.genecards.org/cgi-bin/carddisp.pl?gene=GRIK2
GRIN1,Glutamate Ionotropic Receptor NMDA Type Subunit 1,Protein Coding,Q05586,59,GC09P137138,1.571356297,https://www.genecards.org/cgi-bin/carddisp.pl?gene=GRIN1
GRIN2B,Glutamate Ionotropic Receptor NMDA Type Subunit 2B,Protein Coding,Q13224,61,GC12M013437,1.571356297,https://www.genecards.org/cgi-bin/carddisp.pl?gene=GRIN2B
GRSF1,G-Rich RNA Sequence Binding Factor 1,Protein Coding,Q12849,45,GC04M070815,0.485555649,https://www.genecards.org/cgi-bin/carddisp.pl?gene=GRSF1
GTF2F1,General Transcription Factor IIF Subunit 1,Protein Coding,P35269,44,GC19M091891,2.54916048,https://www.genecards.org/cgi-bin/carddisp.pl?gene=GTF2F1
GTF2F2,General Transcription Factor IIF Subunit 2,Protein Coding,P13984,45,GC13P045120,2.54916048,https://www.genecards.org/cgi-bin/carddisp.pl?gene=GTF2F2
HABP4,Hyaluronan Binding Protein 4,Protein Coding,Q5JVS0,40,GC09P096450,0.686679363,https://www.genecards.org/cgi-bin/carddisp.pl?gene=HABP4
HMX2,H6 Family Homeobox 2,Protein Coding,A2RU54,37,GC10P123148,0.485555649,https://www.genecards.org/cgi-bin/carddisp.pl?gene=HMX2
HNRNPA1,Heterogeneous Nuclear Ribonucleoprotein A1,Protein Coding,P09651,56,GC12P054280,2.664717674,https://www.genecards.org/cgi-bin/carddisp.pl?gene=HNRNPA1
HNRNPA1L2,Heterogeneous Nuclear Ribonucleoprotein A1 Like 2,Protein Coding,Q32P51,36,GC13P052617,0.686679363,https://www.genecards.org/cgi-bin/carddisp.pl?gene=HNRNPA1L2
HNRNPA1L3,Heterogeneous Nuclear Ribonucleoprotein A1 Like 3,Protein Coding,A0A2R8Y4L2,20,GC16P082268,0.485555649,https://www.genecards.org/cgi-bin/carddisp.pl?gene=HNRNPA1L3
HNRNPA2B1,Heterogeneous Nuclear Ribonucleoprotein A2/B1,Protein Coding,P22626,54,GC07M026174,2.223830938,https://www.genecards.org/cgi-bin/carddisp.pl?gene=HNRNPA2B1
HNRNPA3,Heterogeneous Nuclear Ribonucleoprotein A3,Protein Coding,P51991,47,GC02P177212,2.069503307,https://www.genecards.org/cgi-bin/carddisp.pl?gene=HNRNPA3
HNRNPC,Heterogeneous Nuclear Ribonucleoprotein C,Protein Coding,P07910,50,GC14M026962,2.069503307,https://www.genecards.org/cgi-bin/carddisp.pl?gene=HNRNPC
HNRNPD,Heterogeneous Nuclear Ribonucleoprotein D,Protein Coding,Q14103,50,GC04M082352,1.382823944,https://www.genecards.org/cgi-bin/carddisp.pl?gene=HNRNPD
HNRNPF,Heterogeneous Nuclear Ribonucleoprotein F,Protein Coding,P52597,45,GC10M043385,2.534613609,https://www.genecards.org/cgi-bin/carddisp.pl?gene=HNRNPF
HNRNPH1,Heterogeneous Nuclear Ribonucleoprotein H1,Protein Coding,P31943,50,GC05M179614,2.534613609,https://www.genecards.org/cgi-bin/carddisp.pl?gene=HNRNPH1
HNRNPH2,Heterogeneous Nuclear Ribonucleoprotein H2,Protein Coding,P55795,48,GC0XP101408,1.868379593,https://www.genecards.org/cgi-bin/carddisp.pl?gene=HNRNPH2
HNRNPH3,Heterogeneous Nuclear Ribonucleoprotein H3,Protein Coding,P31942,43,GC10P068331,0.841007054,https://www.genecards.org/cgi-bin/carddisp.pl?gene=HNRNPH3
HNRNPK,Heterogeneous Nuclear Ribonucleoprotein K,Protein Coding,P61978,54,GC09M109180,2.353935242,https://www.genecards.org/cgi-bin/carddisp.pl?gene=HNRNPK
HNRNPL,Heterogeneous Nuclear Ribonucleoprotein L,Protein Coding,P14866,46,GC19M038836,2.069503307,https://www.genecards.org/cgi-bin/carddisp.pl?gene=HNRNPL
HNRNPLL,Heterogeneous Nuclear Ribonucleoprotein L Like,Protein Coding,Q8WVV9,40,GC02M038561,0.686679363,https://www.genecards.org/cgi-bin/carddisp.pl?gene=HNRNPLL
HNRNPM,Heterogeneous Nuclear Ribonucleoprotein M,Protein Coding,P52272,46,GC19P008444,2.534613609,https://www.genecards.org/cgi-bin/carddisp.pl?gene=HNRNPM
HNRNPR,Heterogeneous Nuclear Ribonucleoprotein R,Protein Coding,O43390,49,GC01M023303,2.069503307,https://www.genecards.org/cgi-bin/carddisp.pl?gene=HNRNPR
HNRNPU,Heterogeneous Nuclear Ribonucleoprotein U,Protein Coding,Q00839,51,GC01M244844,2.353935242,https://www.genecards.org/cgi-bin/carddisp.pl?gene=HNRNPU
HNRNPUL1,Heterogeneous Nuclear Ribonucleoprotein U Like 1,Protein Coding,Q9BUJ2,44,GC19P041262,0.485555649,https://www.genecards.org/cgi-bin/carddisp.pl?gene=HNRNPUL1
HNRNPUL2,Heterogeneous Nuclear Ribonucleoprotein U Like 2,Protein Coding,Q1KMD3,38,GC11M062712,0.485555649,https://www.genecards.org/cgi-bin/carddisp.pl?gene=HNRNPUL2
HOXB-AS3,HOXB Cluster Antisense RNA 3,RNA Gene,C0HLZ6,25,GC17P048549,0.686679363,https://www.genecards.org/cgi-bin/carddisp.pl?gene=HOXB-AS3
HSPA1A,Heat Shock Protein Family A (Hsp70) Member 1A,Protein Coding,P0DMV8,55,GC06P134838,0.485555649,https://www.genecards.org/cgi-bin/carddisp.pl?gene=HSPA1A
HSPA8,Heat Shock Protein Family A (Hsp70) Member 8,Protein Coding,P11142,58,GC11M123057,2.069503307,https://www.genecards.org/cgi-bin/carddisp.pl?gene=HSPA8
HTATSF1,HIV-1 Tat Specific Factor 1,Protein Coding,O43719,41,GC0XP136497,1.868379593,https://www.genecards.org/cgi-bin/carddisp.pl?gene=HTATSF1
IHH,Indian Hedgehog Signaling Molecule,Protein Coding,Q14623,55,GC02M219054,0.485555649,https://www.genecards.org/cgi-bin/carddisp.pl?gene=IHH
IK,IK Cytokine,Protein Coding,Q13123,48,GC05P152188,2.069503307,https://www.genecards.org/cgi-bin/carddisp.pl?gene=IK
ILDR1,Immunoglobulin Like Domain Containing Receptor 1,Protein Coding,Q86SU0,44,GC03M121987,0.485555649,https://www.genecards.org/cgi-bin/carddisp.pl?gene=ILDR1
ILDR2,Immunoglobulin Like Domain Containing Receptor 2,Protein Coding,Q71H61,41,GC01M166916,0.485555649,https://www.genecards.org/cgi-bin/carddisp.pl?gene=ILDR2
ISY1,ISY1 Splicing Factor Homolog,Protein Coding,Q9ULR0,37,GC03M129127,2.069503307,https://www.genecards.org/cgi-bin/carddisp.pl?gene=ISY1
ISY1-RAB43,ISY1-RAB43 Readthrough,Protein Coding,,23,GC03M129087,1.382823944,https://www.genecards.org/cgi-bin/carddisp.pl?gene=ISY1-RAB43
IVNS1ABP,Influenza Virus NS1A Binding Protein,Protein Coding,Q9Y6Y0,51,GC01M185296,0.485555649,https://www.genecards.org/cgi-bin/carddisp.pl?gene=IVNS1ABP
IWS1,"Interacts With SUPT6H, CTD Assembly Factor 1",Protein Coding,Q96ST2,40,GC02M127436,0.485555649,https://www.genecards.org/cgi-bin/carddisp.pl?gene=IWS1
JMJD6,"Jumonji Domain Containing 6, Arginine Demethylase And Lysine Hydroxylase",Protein Coding,Q6NYC1,47,GC17M083443,0.686679363,https://www.genecards.org/cgi-bin/carddisp.pl?gene=JMJD6
KAT2A,Lysine Acetyltransferase 2A,Protein Coding,Q92830,56,GC17M042113,0.485555649,https://www.genecards.org/cgi-bin/carddisp.pl?gene=KAT2A
KAT2B,Lysine Acetyltransferase 2B,Protein Coding,Q92831,56,GC03P021766,0.485555649,https://www.genecards.org/cgi-bin/carddisp.pl?gene=KAT2B
KCNJ6,Potassium Inwardly Rectifying Channel Subfamily J Member 6,Protein Coding,P48051,55,GC21M037607,1.571356297,https://www.genecards.org/cgi-bin/carddisp.pl?gene=KCNJ6
KCNMA1,Potassium Calcium-Activated Channel Subfamily M Alpha 1,Protein Coding,Q12791,57,GC10M076869,1.571356297,https://www.genecards.org/cgi-bin/carddisp.pl?gene=KCNMA1
KCNQ2,Potassium Voltage-Gated Channel Subfamily Q Member 2,Protein Coding,O43526,56,GC20M063400,1.571356297,https://www.genecards.org/cgi-bin/carddisp.pl?gene=KCNQ2
KDM1A,Lysine Demethylase 1A,Protein Coding,O60341,58,GC01P023019,0.485555649,https://www.genecards.org/cgi-bin/carddisp.pl?gene=KDM1A
KHDC4,"KH Domain Containing 4, Pre-MRNA Splicing Factor",Protein Coding,Q7Z7F0,37,GC01M155913,0.485555649,https://www.genecards.org/cgi-bin/carddisp.pl?gene=KHDC4
KHDRBS1,"KH RNA Binding Domain Containing, Signal Transduction Associated 1",Protein Coding,Q07666,51,GC01P032013,0.686679363,https://www.genecards.org/cgi-bin/carddisp.pl?gene=KHDRBS1
KHDRBS2,"KH RNA Binding Domain Containing, Signal Transduction Associated 2",Protein Coding,Q5VWX1,43,GC06M061542,0.686679363,https://www.genecards.org/cgi-bin/carddisp.pl?gene=KHDRBS2
KHDRBS3,"KH RNA Binding Domain Containing, Signal Transduction Associated 3",Protein Coding,O75525,46,GC08P135457,0.686679363,https://www.genecards.org/cgi-bin/carddisp.pl?gene=KHDRBS3
KHSRP,KH-Type Splicing Regulatory Protein,Protein Coding,Q92945,45,GC19M006413,0.686679363,https://www.genecards.org/cgi-bin/carddisp.pl?gene=KHSRP
LARP7,"La Ribonucleoprotein 7, Transcriptional Regulator",Protein Coding,Q4G0J3,47,GC04P112652,0.686679363,https://www.genecards.org/cgi-bin/carddisp.pl?gene=LARP7
LENG1,Leukocyte Receptor Cluster Member 1,Protein Coding,Q96BZ8,40,GC19M054155,1.382823944,https://www.genecards.org/cgi-bin/carddisp.pl?gene=LENG1
LGALS3,Galectin 3,Protein Coding,P17931,53,GC14P055124,0.485555649,https://www.genecards.org/cgi-bin/carddisp.pl?gene=LGALS3
LOC102724594,U2 Small Nuclear RNA Auxiliary Factor 1 Like 5,Protein Coding,,9,GC21M006484,1.382823944,https://www.genecards.org/cgi-bin/carddisp.pl?gene=LOC102724594
LOC105371348,Uncharacterized LOC105371348,RNA Gene,,3,GC16P083224,1.571356297,https://www.genecards.org/cgi-bin/carddisp.pl?gene=LOC105371348
LRRC9,Leucine Rich Repeat Containing 9,Protein Coding,Q6ZRR7,28,GC14P059919,0.485555649,https://www.genecards.org/cgi-bin/carddisp.pl?gene=LRRC9
LSM1,"LSM1 Homolog, MRNA Degradation Associated",Protein Coding,O15116,48,GC08M038163,0.686679363,https://www.genecards.org/cgi-bin/carddisp.pl?gene=LSM1
LSM10,"LSM10, U7 Small Nuclear RNA Associated",Protein Coding,Q969L4,40,GC01M036391,0.485555649,https://www.genecards.org/cgi-bin/carddisp.pl?gene=LSM10
LSM2,"LSM2 Homolog, U6 Small Nuclear RNA And MRNA Degradation Associated",Protein Coding,Q9Y333,48,GC06M093799,2.069503307,https://www.genecards.org/cgi-bin/carddisp.pl?gene=LSM2
LSM3,"LSM3 Homolog, U6 Small Nuclear RNA And MRNA Degradation Associated",Protein Coding,P62310,47,GC03P021623,2.069503307,https://www.genecards.org/cgi-bin/carddisp.pl?gene=LSM3
LSM4,"LSM4 Homolog, U6 Small Nuclear RNA And MRNA Degradation Associated",Protein Coding,Q9Y4Z0,48,GC19M018306,2.069503307,https://www.genecards.org/cgi-bin/carddisp.pl?gene=LSM4
LSM5,"LSM5 Homolog, U6 Small Nuclear RNA And MRNA Degradation Associated",Protein Coding,Q9Y4Y9,45,GC07M032485,2.069503307,https://www.genecards.org/cgi-bin/carddisp.pl?gene=LSM5
LSM6,"LSM6 Homolog, U6 Small Nuclear RNA And MRNA Degradation Associated",Protein Coding,P62312,45,GC04P146177,2.069503307,https://www.genecards.org/cgi-bin/carddisp.pl?gene=LSM6
LSM7,"LSM7 Homolog, U6 Small Nuclear RNA And MRNA Degradation Associated",Protein Coding,Q9UK45,46,GC19M002321,2.069503307,https://www.genecards.org/cgi-bin/carddisp.pl?gene=LSM7
LSM8,"LSM8 Homolog, U6 Small Nuclear RNA Associated",Protein Coding,O95777,40,GC07P118184,2.069503307,https://www.genecards.org/cgi-bin/carddisp.pl?gene=LSM8
LUC7L3,LUC7 Like 3 Pre-MRNA Splicing Factor,Protein Coding,O95232,42,GC17P050719,1.868379593,https://www.genecards.org/cgi-bin/carddisp.pl?gene=LUC7L3
MAGOH,"Mago Homolog, Exon Junction Complex Subunit",Protein Coding,P61326,46,GC01M053226,2.223830938,https://www.genecards.org/cgi-bin/carddisp.pl?gene=MAGOH
MAGOHB,"Mago Homolog B, Exon Junction Complex Subunit",Protein Coding,Q96A72,44,GC12M029505,2.069503307,https://www.genecards.org/cgi-bin/carddisp.pl?gene=MAGOHB
MAPK4,Mitogen-Activated Protein Kinase 4,Protein Coding,P31152,47,GC18P050564,1.571356297,https://www.genecards.org/cgi-bin/carddisp.pl?gene=MAPK4
MAPK9,Mitogen-Activated Protein Kinase 9,Protein Coding,P45984,57,GC05M180309,1.571356297,https://www.genecards.org/cgi-bin/carddisp.pl?gene=MAPK9
MBNL1,Muscleblind Like Splicing Regulator 1,Protein Coding,Q9NR56,48,GC03P152243,0.686679363,https://www.genecards.org/cgi-bin/carddisp.pl?gene=MBNL1
MBNL2,Muscleblind Like Splicing Regulator 2,Protein Coding,Q5VZF2,46,GC13P097141,0.686679363,https://www.genecards.org/cgi-bin/carddisp.pl?gene=MBNL2
MBNL3,Muscleblind Like Splicing Regulator 3,Protein Coding,Q9NUK0,44,GC0XM132369,0.686679363,https://www.genecards.org/cgi-bin/carddisp.pl?gene=MBNL3
METTL14,"Methyltransferase 14, N6-Adenosine-Methyltransferase Subunit",Protein Coding,Q9HCE5,46,GC04P118685,0.485555649,https://www.genecards.org/cgi-bin/carddisp.pl?gene=METTL14
METTL16,"Methyltransferase 16, RNA N6-Adenosine",Protein Coding,Q86W50,41,GC17M002405,0.485555649,https://www.genecards.org/cgi-bin/carddisp.pl?gene=METTL16
METTL3,"Methyltransferase 3, N6-Adenosine-Methyltransferase Complex Catalytic Subunit",Protein Coding,Q86U44,50,GC14M021498,0.485555649,https://www.genecards.org/cgi-bin/carddisp.pl?gene=METTL3
METTL4,"Methyltransferase 4, N6-Adenosine",Protein Coding,Q8N3J2,40,GC18M002527,0.485555649,https://www.genecards.org/cgi-bin/carddisp.pl?gene=METTL4
MFAP1,Microfibril Associated Protein 1,Protein Coding,P55081,40,GC15M043804,2.069503307,https://www.genecards.org/cgi-bin/carddisp.pl?gene=MFAP1
MPHOSPH10,M-Phase Phosphoprotein 10,Protein Coding,O00566,41,GC02P071130,0.686679363,https://www.genecards.org/cgi-bin/carddisp.pl?gene=MPHOSPH10
MTREX,Mtr4 Exosome RNA Helicase,Protein Coding,P42285,45,GC05P055315,2.069503307,https://www.genecards.org/cgi-bin/carddisp.pl?gene=MTREX
MYOD1,Myogenic Differentiation 1,Protein Coding,P15172,55,GC11P017719,0.686679363,https://www.genecards.org/cgi-bin/carddisp.pl?gene=MYOD1
NCBP1,Nuclear Cap Binding Protein Subunit 1,Protein Coding,Q09161,45,GC09P097633,3.520271778,https://www.genecards.org/cgi-bin/carddisp.pl?gene=NCBP1
NCBP2,Nuclear Cap Binding Protein Subunit 2,Protein Coding,P52298,42,GC03M196935,3.520271778,https://www.genecards.org/cgi-bin/carddisp.pl?gene=NCBP2
NCBP2L,Nuclear Cap Binding Protein Subunit 2 Like,Protein Coding,A6PVI3,26,GC0XP107788,0.686679363,https://www.genecards.org/cgi-bin/carddisp.pl?gene=NCBP2L
NCDN,Neurochondrin,Protein Coding,Q9UBB6,42,GC01P035557,1.571356297,https://www.genecards.org/cgi-bin/carddisp.pl?gene=NCDN
NCL,Nucleolin,Protein Coding,P19338,53,GC02M231453,0.485555649,https://www.genecards.org/cgi-bin/carddisp.pl?gene=NCL
NEO1,Neogenin 1,Protein Coding,Q92859,51,GC15P073051,1.571356297,https://www.genecards.org/cgi-bin/carddisp.pl?gene=NEO1
NKAP,NFKB Activating Protein,Protein Coding,Q8N5F7,46,GC0XM120377,1.382823944,https://www.genecards.org/cgi-bin/carddisp.pl?gene=NKAP
NOL3,Nucleolar Protein 3,Protein Coding,O60936,48,GC16P082810,0.485555649,https://www.genecards.org/cgi-bin/carddisp.pl?gene=NOL3
NONO,Non-POU Domain Containing Octamer Binding,Protein Coding,Q15233,53,GC0XP071259,0.485555649,https://www.genecards.org/cgi-bin/carddisp.pl?gene=NONO
dhx,NOVA Alternative Splicing Regulator 1,Protein Coding,P51513,46,GC14M026443,0.841007054,https://www.genecards.org/cgi-bin/carddisp.pl?gene=NOVA1
NOVA2,NOVA Alternative Splicing Regulator 2,Protein Coding,Q9UNW9,43,GC19M045933,0.841007054,https://www.genecards.org/cgi-bin/carddisp.pl?gene=NOVA2
NPM1,Nucleophosmin 1,Protein Coding,P06748,59,GC05P171387,0.485555649,https://www.genecards.org/cgi-bin/carddisp.pl?gene=NPM1
NRDE2,"NRDE-2, Necessary For RNA Interference, Domain Containing",Protein Coding,Q9H7Z3,40,GC14M119741,0.485555649,https://www.genecards.org/cgi-bin/carddisp.pl?gene=NRDE2
NSRP1,Nuclear Speckle Splicing Regulatory Protein 1,Protein Coding,Q9H0G5,46,GC17P030115,2.069503307,https://www.genecards.org/cgi-bin/carddisp.pl?gene=NSRP1
NTNG1,Netrin G1,Protein Coding,Q9Y2I2,50,GC01P107140,1.571356297,https://www.genecards.org/cgi-bin/carddisp.pl?gene=NTNG1
NUP98,Nucleoporin 98 And 96 Precursor,Protein Coding,P52948,54,GC11M003671,0.485555649,https://www.genecards.org/cgi-bin/carddisp.pl?gene=NUP98
PABPC1,Poly(A) Binding Protein Cytoplasmic 1,Protein Coding,P11940,51,GC08M100685,0.686679363,https://www.genecards.org/cgi-bin/carddisp.pl?gene=PABPC1
PAXBP1,PAX3 And PAX7 Binding Protein 1,Protein Coding,Q9Y5B6,43,GC21M032734,0.485555649,https://www.genecards.org/cgi-bin/carddisp.pl?gene=PAXBP1
PCBP1,Poly(RC) Binding Protein 1,Protein Coding,Q15365,47,GC02P070087,1.382823944,https://www.genecards.org/cgi-bin/carddisp.pl?gene=PCBP1
PCBP2,Poly(RC) Binding Protein 2,Protein Coding,Q15366,48,GC12P053452,1.382823944,https://www.genecards.org/cgi-bin/carddisp.pl?gene=PCBP2
PCBP4,Poly(RC) Binding Protein 4,Protein Coding,P57723,43,GC03M051957,0.485555649,https://www.genecards.org/cgi-bin/carddisp.pl?gene=PCBP4
PDCD7,Programmed Cell Death 7,Protein Coding,Q8N8D1,37,GC15M065117,2.461931705,https://www.genecards.org/cgi-bin/carddisp.pl?gene=PDCD7
PHF5A,PHD Finger Protein 5A,Protein Coding,Q7RTV0,44,GC22M041459,2.069503307,https://www.genecards.org/cgi-bin/carddisp.pl?gene=PHF5A
PIK3R1,Phosphoinositide-3-Kinase Regulatory Subunit 1,Protein Coding,P27986,60,GC05P068215,0.485555649,https://www.genecards.org/cgi-bin/carddisp.pl?gene=PIK3R1
PLCB4,Phospholipase C Beta 4,Protein Coding,Q15147,54,GC20P009067,1.571356297,https://www.genecards.org/cgi-bin/carddisp.pl?gene=PLCB4
PLRG1,Pleiotropic Regulator 1,Protein Coding,O43660,45,GC04M154534,2.069503307,https://www.genecards.org/cgi-bin/carddisp.pl?gene=PLRG1
PNN,"Pinin, Desmosome Associated Protein",Protein Coding,Q9H307,44,GC14P039175,2.069503307,https://www.genecards.org/cgi-bin/carddisp.pl?gene=PNN
POLR2A,RNA Polymerase II Subunit A,Protein Coding,P24928,53,GC17P111182,3.034716129,https://www.genecards.org/cgi-bin/carddisp.pl?gene=POLR2A
POLR2B,RNA Polymerase II Subunit B,Protein Coding,P30876,50,GC04P056977,2.54916048,https://www.genecards.org/cgi-bin/carddisp.pl?gene=POLR2B
POLR2C,RNA Polymerase II Subunit C,Protein Coding,P19387,49,GC16P057462,2.54916048,https://www.genecards.org/cgi-bin/carddisp.pl?gene=POLR2C
POLR2D,RNA Polymerase II Subunit D,Protein Coding,O15514,48,GC02M128564,2.54916048,https://www.genecards.org/cgi-bin/carddisp.pl?gene=POLR2D
POLR2E,"RNA Polymerase II, I And III Subunit E",Protein Coding,P19388,50,GC19M001086,2.54916048,https://www.genecards.org/cgi-bin/carddisp.pl?gene=POLR2E
POLR2F,"RNA Polymerase II, I And III Subunit F",Protein Coding,P61218,47,GC22P037952,2.54916048,https://www.genecards.org/cgi-bin/carddisp.pl?gene=POLR2F
POLR2G,RNA Polymerase II Subunit G,Protein Coding,P62487,41,GC11P088854,2.54916048,https://www.genecards.org/cgi-bin/carddisp.pl?gene=POLR2G
POLR2H,"RNA Polymerase II, I And III Subunit H",Protein Coding,P52434,44,GC03P184361,2.54916048,https://www.genecards.org/cgi-bin/carddisp.pl?gene=POLR2H
POLR2I,RNA Polymerase II Subunit I,Protein Coding,P36954,43,GC19M036113,2.54916048,https://www.genecards.org/cgi-bin/carddisp.pl?gene=POLR2I
POLR2J,RNA Polymerase II Subunit J,Protein Coding,P52435,46,GC07M102473,2.54916048,https://www.genecards.org/cgi-bin/carddisp.pl?gene=POLR2J
POLR2K,"RNA Polymerase II, I And III Subunit K",Protein Coding,P53803,45,GC08P100150,2.54916048,https://www.genecards.org/cgi-bin/carddisp.pl?gene=POLR2K
POLR2L,"RNA Polymerase II, I And III Subunit L",Protein Coding,P62875,48,GC11M011841,2.54916048,https://www.genecards.org/cgi-bin/carddisp.pl?gene=POLR2L
PPARGC1A,PPARG Coactivator 1 Alpha,Protein Coding,Q9UBK2,55,GC04M023755,0.485555649,https://www.genecards.org/cgi-bin/carddisp.pl?gene=PPARGC1A
PPIE,Peptidylprolyl Isomerase E,Protein Coding,Q9UNP9,48,GC01P039692,2.069503307,https://www.genecards.org/cgi-bin/carddisp.pl?gene=PPIE
PPIG,Peptidylprolyl Isomerase G,Protein Coding,Q13427,50,GC02P169584,1.868379593,https://www.genecards.org/cgi-bin/carddisp.pl?gene=PPIG
PPIH,Peptidylprolyl Isomerase H,Protein Coding,O43447,46,GC01P048918,2.069503307,https://www.genecards.org/cgi-bin/carddisp.pl?gene=PPIH
PPIL1,Peptidylprolyl Isomerase Like 1,Protein Coding,Q9Y3C6,48,GC06M036854,2.069503307,https://www.genecards.org/cgi-bin/carddisp.pl?gene=PPIL1
PPIL2,Peptidylprolyl Isomerase Like 2,Protein Coding,Q13356,47,GC22P075039,1.868379593,https://www.genecards.org/cgi-bin/carddisp.pl?gene=PPIL2
PPIL3,Peptidylprolyl Isomerase Like 3,Protein Coding,Q9H2H8,43,GC02M200870,2.069503307,https://www.genecards.org/cgi-bin/carddisp.pl?gene=PPIL3
PPIL4,Peptidylprolyl Isomerase Like 4,Protein Coding,Q8WUA2,45,GC06M149504,1.382823944,https://www.genecards.org/cgi-bin/carddisp.pl?gene=PPIL4
PPP1R7,Protein Phosphatase 1 Regulatory Subunit 7,Protein Coding,Q15435,46,GC02P241161,0.485555649,https://www.genecards.org/cgi-bin/carddisp.pl?gene=PPP1R7
PPP1R8,Protein Phosphatase 1 Regulatory Subunit 8,Protein Coding,Q12972,47,GC01P027830,1.868379593,https://www.genecards.org/cgi-bin/carddisp.pl?gene=PPP1R8
PPP1R9B,Protein Phosphatase 1 Regulatory Subunit 9B,Protein Coding,Q96SB3,49,GC17M050133,0.485555649,https://www.genecards.org/cgi-bin/carddisp.pl?gene=PPP1R9B
PPP2CA,Protein Phosphatase 2 Catalytic Subunit Alpha,Protein Coding,P67775,57,GC05M134194,0.485555649,https://www.genecards.org/cgi-bin/carddisp.pl?gene=PPP2CA
PPP2R1A,Protein Phosphatase 2 Scaffold Subunit Aalpha,Protein Coding,P30153,56,GC19P113566,0.485555649,https://www.genecards.org/cgi-bin/carddisp.pl?gene=PPP2R1A
PPP4R2,Protein Phosphatase 4 Regulatory Subunit 2,Protein Coding,Q9NY27,40,GC03P072996,0.485555649,https://www.genecards.org/cgi-bin/carddisp.pl?gene=PPP4R2
PPWD1,Peptidylprolyl Isomerase Domain And WD Repeat Containing 1,Protein Coding,Q96BP3,41,GC05P065563,2.069503307,https://www.genecards.org/cgi-bin/carddisp.pl?gene=PPWD1
PQBP1,Polyglutamine Binding Protein 1,Protein Coding,O60828,48,GC0XP048890,2.223830938,https://www.genecards.org/cgi-bin/carddisp.pl?gene=PQBP1
PRCC,Proline Rich Mitotic Checkpoint Control Factor,Protein Coding,Q92733,46,GC01P156750,1.382823944,https://www.genecards.org/cgi-bin/carddisp.pl?gene=PRCC
PRDX6,Peroxiredoxin 6,Protein Coding,P30041,54,GC01P173477,0.485555649,https://www.genecards.org/cgi-bin/carddisp.pl?gene=PRDX6
PRKCZ,Protein Kinase C Zeta,Protein Coding,Q05513,57,GC01P020522,1.571356297,https://www.genecards.org/cgi-bin/carddisp.pl?gene=PRKCZ
PRKRIP1,PRKR Interacting Protein 1,Protein Coding,Q9H875,38,GC07P106498,1.868379593,https://www.genecards.org/cgi-bin/carddisp.pl?gene=PRKRIP1
PRMT1,Protein Arginine Methyltransferase 1,Protein Coding,Q99873,56,GC19P049675,0.485555649,https://www.genecards.org/cgi-bin/carddisp.pl?gene=PRMT1
PRMT5,Protein Arginine Methyltransferase 5,Protein Coding,O14744,53,GC14M022920,0.485555649,https://www.genecards.org/cgi-bin/carddisp.pl?gene=PRMT5
PRP4K,Pre-MRNA Processing Factor Kinase PRP4K,Protein Coding,Q13523,44,GC06P004021,2.223830938,https://www.genecards.org/cgi-bin/carddisp.pl?gene=PRP4K
PRPF18,Pre-MRNA Processing Factor 18,Protein Coding,Q99633,41,GC10P013586,1.868379593,https://www.genecards.org/cgi-bin/carddisp.pl?gene=PRPF18
PRPF19,Pre-MRNA Processing Factor 19,Protein Coding,Q9UMS4,44,GC11M060890,2.223830938,https://www.genecards.org/cgi-bin/carddisp.pl?gene=PRPF19
PRPF3,Pre-MRNA Processing Factor 3,Protein Coding,O43395,51,GC01P150321,2.223830938,https://www.genecards.org/cgi-bin/carddisp.pl?gene=PRPF3
PRPF31,Pre-MRNA Processing Factor 31,Protein Coding,Q8WWY3,52,GC19P113671,2.069503307,https://www.genecards.org/cgi-bin/carddisp.pl?gene=PRPF31
PRPF38A,Pre-MRNA Processing Factor 38A,Protein Coding,Q8NAV1,41,GC01P052404,2.069503307,https://www.genecards.org/cgi-bin/carddisp.pl?gene=PRPF38A
PRPF38B,Pre-MRNA Processing Factor 38B,Protein Coding,Q5VTL8,38,GC01P108692,0.686679363,https://www.genecards.org/cgi-bin/carddisp.pl?gene=PRPF38B
PRPF39,Pre-MRNA Processing Factor 39,Protein Coding,Q86UA1,41,GC14P045084,0.485555649,https://www.genecards.org/cgi-bin/carddisp.pl?gene=PRPF39
PRPF4,Pre-MRNA Splicing Tri-SnRNP Complex Factor PRPF4,Protein Coding,O43172,50,GC09P113275,2.223830938,https://www.genecards.org/cgi-bin/carddisp.pl?gene=PRPF4
PRPF40A,Pre-MRNA Processing Factor 40 Homolog A,Protein Coding,O75400,45,GC02M152651,2.223830938,https://www.genecards.org/cgi-bin/carddisp.pl?gene=PRPF40A
PRPF40B,Pre-MRNA Processing Factor 40 Homolog B,Protein Coding,Q6NWY9,40,GC12P049568,0.841007054,https://www.genecards.org/cgi-bin/carddisp.pl?gene=PRPF40B
PRPF6,Pre-MRNA Processing Factor 6,Protein Coding,O94906,49,GC20P063981,3.128165722,https://www.genecards.org/cgi-bin/carddisp.pl?gene=PRPF6
PRPF8,Pre-MRNA Processing Factor 8,Protein Coding,Q6P2Q9,50,GC17M001650,3.128165722,https://www.genecards.org/cgi-bin/carddisp.pl?gene=PRPF8
PRX,Periaxin,Protein Coding,Q9BXM0,49,GC19M040393,0.485555649,https://www.genecards.org/cgi-bin/carddisp.pl?gene=PRX
PTBP1,Polypyrimidine Tract Binding Protein 1,Protein Coding,P26599,50,GC19P000797,2.779341936,https://www.genecards.org/cgi-bin/carddisp.pl?gene=PTBP1
PTBP2,Polypyrimidine Tract Binding Protein 2,Protein Coding,Q9UKA9,45,GC01P096721,0.841007054,https://www.genecards.org/cgi-bin/carddisp.pl?gene=PTBP2
PTBP3,Polypyrimidine Tract Binding Protein 3,Protein Coding,O95758,44,GC09M112217,0.841007054,https://www.genecards.org/cgi-bin/carddisp.pl?gene=PTBP3
PUF60,Poly(U) Binding Splicing Factor 60,Protein Coding,Q9UHX1,50,GC08M143816,2.223830938,https://www.genecards.org/cgi-bin/carddisp.pl?gene=PUF60
PUS1,Pseudouridine Synthase 1,Protein Coding,Q9Y606,52,GC12P131929,0.485555649,https://www.genecards.org/cgi-bin/carddisp.pl?gene=PUS1
PUS7,Pseudouridine Synthase 7,Protein Coding,Q96PZ0,48,GC07M105439,0.485555649,https://www.genecards.org/cgi-bin/carddisp.pl?gene=PUS7
QKI,"QKI, KH Domain Containing RNA Binding",Protein Coding,Q96PU8,50,GC06P163414,0.686679363,https://www.genecards.org/cgi-bin/carddisp.pl?gene=QKI
RALY,RALY Heterogeneous Nuclear Ribonucleoprotein,Protein Coding,Q9UKM9,44,GC20P033993,0.686679363,https://www.genecards.org/cgi-bin/carddisp.pl?gene=RALY
RAP1GAP,RAP1 GTPase Activating Protein,Protein Coding,P47736,46,GC01M021596,1.571356297,https://www.genecards.org/cgi-bin/carddisp.pl?gene=RAP1GAP
RASGRP3-AS1,RASGRP3 Antisense RNA 1,RNA Gene,,14,GC02M033557,0.485555649,https://www.genecards.org/cgi-bin/carddisp.pl?gene=RASGRP3-AS1
RBFOX1,RNA Binding Fox-1 Homolog 1,Protein Coding,Q9NWB1,49,GC16P080539,0.841007054,https://www.genecards.org/cgi-bin/carddisp.pl?gene=RBFOX1
RBFOX2,RNA Binding Fox-1 Homolog 2,Protein Coding,O43251,47,GC22M035738,1.818811178,https://www.genecards.org/cgi-bin/carddisp.pl?gene=RBFOX2
RBFOX3,RNA Binding Fox-1 Homolog 3,Protein Coding,A6NFN3,46,GC17M079089,0.841007054,https://www.genecards.org/cgi-bin/carddisp.pl?gene=RBFOX3
RBM10,RNA Binding Motif Protein 10,Protein Coding,P0DW28,48,GC0XP057463,2.223830938,https://www.genecards.org/cgi-bin/carddisp.pl?gene=RBM10
RBM11,RNA Binding Motif Protein 11,Protein Coding,P57052,38,GC21P014216,0.686679363,https://www.genecards.org/cgi-bin/carddisp.pl?gene=RBM11
RBM12,RNA Binding Motif Protein 12,Protein Coding,Q9NTZ6,44,GC20M035648,0.485555649,https://www.genecards.org/cgi-bin/carddisp.pl?gene=RBM12
RBM12B,RNA Binding Motif Protein 12B,Protein Coding,Q8IXT5,40,GC08M093729,0.485555649,https://www.genecards.org/cgi-bin/carddisp.pl?gene=RBM12B
RBM14,RNA Binding Motif Protein 14,Protein Coding,Q96PK6,46,GC11P089196,0.485555649,https://www.genecards.org/cgi-bin/carddisp.pl?gene=RBM14
RBM15,RNA Binding Motif Protein 15,Protein Coding,Q96T37,45,GC01P110338,0.485555649,https://www.genecards.org/cgi-bin/carddisp.pl?gene=RBM15
RBM15B,RNA Binding Motif Protein 15B,Protein Coding,Q8NDT2,39,GC03P051391,0.686679363,https://www.genecards.org/cgi-bin/carddisp.pl?gene=RBM15B
RBM17,RNA Binding Motif Protein 17,Protein Coding,Q96I25,46,GC10P006089,2.353935242,https://www.genecards.org/cgi-bin/carddisp.pl?gene=RBM17
RBM19,RNA Binding Motif Protein 19,Protein Coding,Q9Y4C8,44,GC12M113816,0.485555649,https://www.genecards.org/cgi-bin/carddisp.pl?gene=RBM19
RBM20,RNA Binding Motif Protein 20,Protein Coding,Q5T481,44,GC10P111536,1.189363599,https://www.genecards.org/cgi-bin/carddisp.pl?gene=RBM20
RBM22,RNA Binding Motif Protein 22,Protein Coding,Q9NW64,44,GC05M150690,2.353935242,https://www.genecards.org/cgi-bin/carddisp.pl?gene=RBM22
RBM23,RNA Binding Motif Protein 23,Protein Coding,Q86U06,39,GC14M027011,0.686679363,https://www.genecards.org/cgi-bin/carddisp.pl?gene=RBM23
RBM24,RNA Binding Motif Protein 24,Protein Coding,Q9BX46,43,GC06P017281,0.686679363,https://www.genecards.org/cgi-bin/carddisp.pl?gene=RBM24
RBM25,RNA Binding Motif Protein 25,Protein Coding,P49756,41,GC14P073058,2.069503307,https://www.genecards.org/cgi-bin/carddisp.pl?gene=RBM25
RBM28,RNA Binding Motif Protein 28,Protein Coding,Q9NW13,46,GC07M129032,0.485555649,https://www.genecards.org/cgi-bin/carddisp.pl?gene=RBM28
RBM3,RNA Binding Motif Protein 3,Protein Coding,P98179,42,GC0XP048574,0.485555649,https://www.genecards.org/cgi-bin/carddisp.pl?gene=RBM3
RBM38,RNA Binding Motif Protein 38,Protein Coding,Q9H0Z9,43,GC20P057391,0.686679363,https://www.genecards.org/cgi-bin/carddisp.pl?gene=RBM38
RBM39,RNA Binding Motif Protein 39,Protein Coding,Q14498,43,GC20M035835,2.069503307,https://www.genecards.org/cgi-bin/carddisp.pl?gene=RBM39
RBM4,RNA Binding Motif Protein 4,Protein Coding,Q9BWF3,48,GC11P066638,0.841007054,https://www.genecards.org/cgi-bin/carddisp.pl?gene=RBM4
RBM41,RNA Binding Motif Protein 41,Protein Coding,Q96IZ5,36,GC0XM107052,0.485555649,https://www.genecards.org/cgi-bin/carddisp.pl?gene=RBM41
RBM42,RNA Binding Motif Protein 42,Protein Coding,Q9BTD8,40,GC19P112934,2.069503307,https://www.genecards.org/cgi-bin/carddisp.pl?gene=RBM42
RBM44,RNA Binding Motif Protein 44,Protein Coding,Q6ZP01,34,GC02P237798,0.485555649,https://www.genecards.org/cgi-bin/carddisp.pl?gene=RBM44
RBM47,RNA Binding Motif Protein 47,Protein Coding,A0AV96,39,GC04M040511,0.686679363,https://www.genecards.org/cgi-bin/carddisp.pl?gene=RBM47
RBM48,RNA Binding Motif Protein 48,Protein Coding,Q5RL73,43,GC07P092528,0.485555649,https://www.genecards.org/cgi-bin/carddisp.pl?gene=RBM48
RBM4B,RNA Binding Motif Protein 4B,Protein Coding,Q9BQ04,40,GC11M066664,0.686679363,https://www.genecards.org/cgi-bin/carddisp.pl?gene=RBM4B
RBM5,RNA Binding Motif Protein 5,Protein Coding,P52756,46,GC03P057658,2.223830938,https://www.genecards.org/cgi-bin/carddisp.pl?gene=RBM5
RBM6,RNA Binding Motif Protein 6,Protein Coding,P78332,45,GC03P049940,0.485555649,https://www.genecards.org/cgi-bin/carddisp.pl?gene=RBM6
RBM7,RNA Binding Motif Protein 7,Protein Coding,Q9Y580,44,GC11P114403,1.868379593,https://www.genecards.org/cgi-bin/carddisp.pl?gene=RBM7
RBM8A,RNA Binding Motif Protein 8A,Protein Coding,Q9Y5S9,51,GC01M145921,2.223830938,https://www.genecards.org/cgi-bin/carddisp.pl?gene=RBM8A
RBMX,RNA Binding Motif Protein X-Linked,Protein Coding,P38159,50,GC0XM136848,2.468559265,https://www.genecards.org/cgi-bin/carddisp.pl?gene=RBMX
RBMX2,RNA Binding Motif Protein X-Linked 2,Protein Coding,Q9Y388,41,GC0XP130401,2.069503307,https://www.genecards.org/cgi-bin/carddisp.pl?gene=RBMX2
RBMXL1,RBMX Like 1,Protein Coding,Q96E39,35,GC01M088979,0.686679363,https://www.genecards.org/cgi-bin/carddisp.pl?gene=RBMXL1
RBMXL2,RBMX Like 2,Protein Coding,O75526,38,GC11P010997,0.485555649,https://www.genecards.org/cgi-bin/carddisp.pl?gene=RBMXL2
RBMXL3,RBMX Like 3,Protein Coding,Q8N7X1,30,GC0XP115189,0.485555649,https://www.genecards.org/cgi-bin/carddisp.pl?gene=RBMXL3
RBMY1A1,RNA Binding Motif Protein Y-Linked Family 1 Member A1,Protein Coding,P0DJD3,39,GC0YP021534,0.841007054,https://www.genecards.org/cgi-bin/carddisp.pl?gene=RBMY1A1
RBMY1B,RNA Binding Motif Protein Y-Linked Family 1 Member B,Protein Coding,A6NDE4,30,GC0YP021511,0.686679363,https://www.genecards.org/cgi-bin/carddisp.pl?gene=RBMY1B
RBMY1C,RNA Binding Motif Protein Y-Linked Family 1 Member C,Protein Coding,P0DJD4,12,GC0YU900014,0.841007054,https://www.genecards.org/cgi-bin/carddisp.pl?gene=RBMY1C
RBMY1D,RNA Binding Motif Protein Y-Linked Family 1 Member D,Protein Coding,P0C7P1,27,GC0YM021869,0.686679363,https://www.genecards.org/cgi-bin/carddisp.pl?gene=RBMY1D
RBMY1E,RNA Binding Motif Protein Y-Linked Family 1 Member E,Protein Coding,A6NEQ0,27,GC0YM021903,0.686679363,https://www.genecards.org/cgi-bin/carddisp.pl?gene=RBMY1E
RBMY1F,RNA Binding Motif Protein Y-Linked Family 1 Member F,Protein Coding,Q15415,31,GC0YM022169,0.686679363,https://www.genecards.org/cgi-bin/carddisp.pl?gene=RBMY1F
RBMY1J,RNA Binding Motif Protein Y-Linked Family 1 Member J,Protein Coding,Q15415,29,GC0YP022403,0.686679363,https://www.genecards.org/cgi-bin/carddisp.pl?gene=RBMY1J
RBPMS,"RNA Binding Protein, MRNA Processing Factor",Protein Coding,Q93062,48,GC08P031170,0.485555649,https://www.genecards.org/cgi-bin/carddisp.pl?gene=RBPMS
RBPMS2,"RNA Binding Protein, MRNA Processing Factor 2",Protein Coding,Q6ZRY4,42,GC15M064739,0.485555649,https://www.genecards.org/cgi-bin/carddisp.pl?gene=RBPMS2
REST,RE1 Silencing Transcription Factor,Protein Coding,Q13127,52,GC04P056907,0.485555649,https://www.genecards.org/cgi-bin/carddisp.pl?gene=REST
RNF113A,Ring Finger Protein 113A,Protein Coding,O15541,46,GC0XM119870,2.223830938,https://www.genecards.org/cgi-bin/carddisp.pl?gene=RNF113A
RNF113B,Ring Finger Protein 113B,Protein Coding,Q8IZP6,37,GC13M098175,0.485555649,https://www.genecards.org/cgi-bin/carddisp.pl?gene=RNF113B
RNPC3,"RNA Binding Region (RNP1, RRM) Containing 3",Protein Coding,Q96LT9,46,GC01P103525,2.66305542,https://www.genecards.org/cgi-bin/carddisp.pl?gene=RNPC3
RNPS1,RNA Binding Protein With Serine Rich Domain 1,Protein Coding,Q15287,45,GC16M002253,2.353935242,https://www.genecards.org/cgi-bin/carddisp.pl?gene=RNPS1
RNU1-1,"RNA, U1 Small Nuclear 1",RNA Gene,,20,GC01M016514,1.571356297,https://www.genecards.org/cgi-bin/carddisp.pl?gene=RNU1-1
RNU1-2,"RNA, U1 Small Nuclear 2",RNA Gene,,13,GC01P016895,1.571356297,https://www.genecards.org/cgi-bin/carddisp.pl?gene=RNU1-2
RNU1-3,"RNA, U1 Small Nuclear 3",RNA Gene,,13,GC01M019193,1.571356297,https://www.genecards.org/cgi-bin/carddisp.pl?gene=RNU1-3
RNU1-4,"RNA, U1 Small Nuclear 4",RNA Gene,,15,GC01P016740,1.571356297,https://www.genecards.org/cgi-bin/carddisp.pl?gene=RNU1-4
RNU4-1,"RNA, U4 Small Nuclear 1",RNA Gene,,16,GC12M120293,1.571356297,https://www.genecards.org/cgi-bin/carddisp.pl?gene=RNU4-1
RNU6-1,"RNA, U6 Small Nuclear 1",RNA Gene,,21,GC15M067839,1.571356297,https://www.genecards.org/cgi-bin/carddisp.pl?gene=RNU6-1
RP9,RP9 Pre-MRNA Splicing Factor,Protein Coding,Q8TA86,45,GC07M033094,0.485555649,https://www.genecards.org/cgi-bin/carddisp.pl?gene=RP9
RPS13,Ribosomal Protein S13,Protein Coding,P62277,50,GC11M017925,0.485555649,https://www.genecards.org/cgi-bin/carddisp.pl?gene=RPS13
RPS26,Ribosomal Protein S26,Protein Coding,P62854,52,GC12P060592,0.485555649,https://www.genecards.org/cgi-bin/carddisp.pl?gene=RPS26
RPUSD4,RNA Pseudouridine Synthase D4,Protein Coding,Q96CM3,40,GC11M126202,0.485555649,https://www.genecards.org/cgi-bin/carddisp.pl?gene=RPUSD4
RRAGC,Ras Related GTP Binding C,Protein Coding,Q9HB90,48,GC01M038981,0.485555649,https://www.genecards.org/cgi-bin/carddisp.pl?gene=RRAGC
RRP1B,Ribosomal RNA Processing 1B,Protein Coding,Q14684,45,GC21P043659,0.686679363,https://www.genecards.org/cgi-bin/carddisp.pl?gene=RRP1B
RSRC1,Arginine And Serine Rich Coiled-Coil 1,Protein Coding,Q96IZ7,46,GC03P158105,0.841007054,https://www.genecards.org/cgi-bin/carddisp.pl?gene=RSRC1
RTCB,"RNA 2',3'-Cyclic Phosphate And 5'-OH Ligase",Protein Coding,Q9Y3I0,45,GC22M032387,1.463359833,https://www.genecards.org/cgi-bin/carddisp.pl?gene=RTCB
RTRAF,"RNA Transcription, Translation And Transport Factor",Protein Coding,Q9Y224,44,GC14P051992,1.463359833,https://www.genecards.org/cgi-bin/carddisp.pl?gene=RTRAF
SAP18,Sin3A Associated Protein 18,Protein Coding,O00422,46,GC13P021140,2.223830938,https://www.genecards.org/cgi-bin/carddisp.pl?gene=SAP18
SART1,"Spliceosome Associated Factor 1, Recruiter Of U4/U6.U5 Tri-SnRNP",Protein Coding,O43290,45,GC11P089126,2.223830938,https://www.genecards.org/cgi-bin/carddisp.pl?gene=SART1
SART3,"Spliceosome Associated Factor 3, U4/U6 Recycling Protein",Protein Coding,Q15020,43,GC12M108522,0.686679363,https://www.genecards.org/cgi-bin/carddisp.pl?gene=SART3
SCAF1,SR-Related CTD Associated Factor 1,Protein Coding,Q9H7N4,39,GC19P113443,0.485555649,https://www.genecards.org/cgi-bin/carddisp.pl?gene=SCAF1
SCAF11,SR-Related CTD Associated Factor 11,Protein Coding,Q99590,41,GC12M045919,0.686679363,https://www.genecards.org/cgi-bin/carddisp.pl?gene=SCAF11
SCNM1,Sodium Channel Modifier 1,Protein Coding,Q9BWG6,40,GC01P164290,0.686679363,https://www.genecards.org/cgi-bin/carddisp.pl?gene=SCNM1
SDE2,SDE2 Telomere Maintenance Homolog,Protein Coding,Q6IQ49,37,GC01M225982,2.069503307,https://www.genecards.org/cgi-bin/carddisp.pl?gene=SDE2
SETX,Senataxin,Protein Coding,Q7Z333,51,GC09M132261,0.485555649,https://www.genecards.org/cgi-bin/carddisp.pl?gene=SETX
SF1,Splicing Factor 1,Protein Coding,Q15637,46,GC11M064764,2.223830938,https://www.genecards.org/cgi-bin/carddisp.pl?gene=SF1
SF3A1,Splicing Factor 3a Subunit 1,Protein Coding,Q15459,46,GC22M030331,2.223830938,https://www.genecards.org/cgi-bin/carddisp.pl?gene=SF3A1
SF3A2,Splicing Factor 3a Subunit 2,Protein Coding,Q15428,42,GC19P002236,2.069503307,https://www.genecards.org/cgi-bin/carddisp.pl?gene=SF3A2
SF3A3,Splicing Factor 3a Subunit 3,Protein Coding,Q12874,45,GC01M037956,2.223830938,https://www.genecards.org/cgi-bin/carddisp.pl?gene=SF3A3
SF3B1,Splicing Factor 3b Subunit 1,Protein Coding,O75533,53,GC02M197453,3.128165722,https://www.genecards.org/cgi-bin/carddisp.pl?gene=SF3B1
SF3B2,Splicing Factor 3b Subunit 2,Protein Coding,Q13435,50,GC11P066050,2.973838091,https://www.genecards.org/cgi-bin/carddisp.pl?gene=SF3B2
SF3B3,Splicing Factor 3b Subunit 3,Protein Coding,Q15393,43,GC16P070523,3.258270025,https://www.genecards.org/cgi-bin/carddisp.pl?gene=SF3B3
SF3B4,Splicing Factor 3b Subunit 4,Protein Coding,Q15427,51,GC01M149923,3.258270025,https://www.genecards.org/cgi-bin/carddisp.pl?gene=SF3B4
SF3B5,Splicing Factor 3b Subunit 5,Protein Coding,Q9BWJ5,43,GC06M144094,3.128165722,https://www.genecards.org/cgi-bin/carddisp.pl?gene=SF3B5
SF3B6,Splicing Factor 3b Subunit 6,Protein Coding,Q9Y3B4,43,GC02M024067,2.973838091,https://www.genecards.org/cgi-bin/carddisp.pl?gene=SF3B6
SFPQ,Splicing Factor Proline And Glutamine Rich,Protein Coding,P23246,52,GC01M035176,0.686679363,https://www.genecards.org/cgi-bin/carddisp.pl?gene=SFPQ
SFSWAP,Splicing Factor SWAP,Protein Coding,Q12872,40,GC12P131711,0.841007054,https://www.genecards.org/cgi-bin/carddisp.pl?gene=SFSWAP
SGF29,SAGA Complex Associated Factor 29,Protein Coding,Q96ES7,41,GC16P081334,0.485555649,https://www.genecards.org/cgi-bin/carddisp.pl?gene=SGF29
SHH,Sonic Hedgehog Signaling Molecule,Protein Coding,Q15465,59,GC07M155799,0.485555649,https://www.genecards.org/cgi-bin/carddisp.pl?gene=SHH
SLC38A2,Solute Carrier Family 38 Member 2,Protein Coding,Q96QD8,48,GC12M046358,0.485555649,https://www.genecards.org/cgi-bin/carddisp.pl?gene=SLC38A2
SLC39A5,Solute Carrier Family 39 Member 5,Protein Coding,Q6ZMH5,48,GC12P060623,0.485555649,https://www.genecards.org/cgi-bin/carddisp.pl?gene=SLC39A5
SLU7,"SLU7 Homolog, Splicing Factor",Protein Coding,O95391,44,GC05M160401,2.353935242,https://www.genecards.org/cgi-bin/carddisp.pl?gene=SLU7
SMN1,"Survival Of Motor Neuron 1, Telomeric",Protein Coding,Q16637,48,GC05P070924,0.485555649,https://www.genecards.org/cgi-bin/carddisp.pl?gene=SMN1
SMN2,"Survival Of Motor Neuron 2, Centromeric",Protein Coding,Q16637,48,GC05P070049,0.485555649,https://www.genecards.org/cgi-bin/carddisp.pl?gene=SMN2
SMNDC1,Survival Motor Neuron Domain Containing 1,Protein Coding,O75940,47,GC10M110290,2.069503307,https://www.genecards.org/cgi-bin/carddisp.pl?gene=SMNDC1
SMU1,SMU1 DNA Replication Regulator And Spliceosomal Factor,Protein Coding,Q2TAY7,47,GC09M033041,2.223830938,https://www.genecards.org/cgi-bin/carddisp.pl?gene=SMU1
SNIP1,Smad Nuclear Interacting Protein 1,Protein Coding,Q8TAD8,49,GC01M037534,2.069503307,https://www.genecards.org/cgi-bin/carddisp.pl?gene=SNIP1
SNRNP200,Small Nuclear Ribonucleoprotein U5 Subunit 200,Protein Coding,O75643,52,GC02M100852,2.973838091,https://www.genecards.org/cgi-bin/carddisp.pl?gene=SNRNP200
SNRNP25,Small Nuclear Ribonucleoprotein U11/U12 Subunit 25,Protein Coding,Q9BV90,38,GC16P000053,2.66305542,https://www.genecards.org/cgi-bin/carddisp.pl?gene=SNRNP25
SNRNP27,Small Nuclear Ribonucleoprotein U4/U6.U5 Subunit 27,Protein Coding,Q8WVK2,39,GC02P069893,2.069503307,https://www.genecards.org/cgi-bin/carddisp.pl?gene=SNRNP27
SNRNP35,Small Nuclear Ribonucleoprotein U11/U12 Subunit 35,Protein Coding,Q16560,37,GC12P133309,2.66305542,https://www.genecards.org/cgi-bin/carddisp.pl?gene=SNRNP35
SNRNP40,Small Nuclear Ribonucleoprotein U5 Subunit 40,Protein Coding,Q96DI7,42,GC01M031259,3.128165722,https://www.genecards.org/cgi-bin/carddisp.pl?gene=SNRNP40
SNRNP48,Small Nuclear Ribonucleoprotein U11/U12 Subunit 48,Protein Coding,Q6IEG0,41,GC06P007590,2.461931705,https://www.genecards.org/cgi-bin/carddisp.pl?gene=SNRNP48
SNRNP70,Small Nuclear Ribonucleoprotein U1 Subunit 70,Protein Coding,P08621,48,GC19P049085,2.223830938,https://www.genecards.org/cgi-bin/carddisp.pl?gene=SNRNP70
SNRPA,Small Nuclear Ribonucleoprotein Polypeptide A,Protein Coding,P09012,48,GC19P040750,2.069503307,https://www.genecards.org/cgi-bin/carddisp.pl?gene=SNRPA
SNRPA1,Small Nuclear Ribonucleoprotein Polypeptide A',Protein Coding,P09661,43,GC15M101281,2.069503307,https://www.genecards.org/cgi-bin/carddisp.pl?gene=SNRPA1
SNRPB,Small Nuclear Ribonucleoprotein Polypeptides B And B1,Protein Coding,P14678,51,GC20M002461,2.973838091,https://www.genecards.org/cgi-bin/carddisp.pl?gene=SNRPB
SNRPB2,Small Nuclear Ribonucleoprotein Polypeptide B2,Protein Coding,P08579,45,GC20P016752,2.069503307,https://www.genecards.org/cgi-bin/carddisp.pl?gene=SNRPB2
SNRPC,Small Nuclear Ribonucleoprotein Polypeptide C,Protein Coding,P09234,44,GC06P134956,1.868379593,https://www.genecards.org/cgi-bin/carddisp.pl?gene=SNRPC
SNRPD1,Small Nuclear Ribonucleoprotein D1 Polypeptide,Protein Coding,P62314,47,GC18P021612,2.973838091,https://www.genecards.org/cgi-bin/carddisp.pl?gene=SNRPD1
SNRPD2,Small Nuclear Ribonucleoprotein D2 Polypeptide,Protein Coding,P62316,47,GC19M092941,2.973838091,https://www.genecards.org/cgi-bin/carddisp.pl?gene=SNRPD2
SNRPD3,Small Nuclear Ribonucleoprotein D3 Polypeptide,Protein Coding,P62318,45,GC22P024555,2.973838091,https://www.genecards.org/cgi-bin/carddisp.pl?gene=SNRPD3
SNRPE,Small Nuclear Ribonucleoprotein Polypeptide E,Protein Coding,P62304,50,GC01P203981,2.973838091,https://www.genecards.org/cgi-bin/carddisp.pl?gene=SNRPE
SNRPF,Small Nuclear Ribonucleoprotein Polypeptide F,Protein Coding,P62306,44,GC12P095858,2.973838091,https://www.genecards.org/cgi-bin/carddisp.pl?gene=SNRPF
SNRPG,Small Nuclear Ribonucleoprotein Polypeptide G,Protein Coding,P62308,45,GC02M070281,2.973838091,https://www.genecards.org/cgi-bin/carddisp.pl?gene=SNRPG
SNRPGP15,Small Nuclear Ribonucleoprotein Polypeptide G Pseudogene 15,Pseudogene,A8MWD9,19,GC19P014489,0.485555649,https://www.genecards.org/cgi-bin/carddisp.pl?gene=SNRPGP15
SNRPN,Small Nuclear Ribonucleoprotein Polypeptide N,Protein Coding,P63162,53,GC15P024823,2.069503307,https://www.genecards.org/cgi-bin/carddisp.pl?gene=SNRPN
SNU13,Small Nuclear Ribonucleoprotein 13,Protein Coding,P55769,46,GC22M077126,2.069503307,https://www.genecards.org/cgi-bin/carddisp.pl?gene=SNU13
SNURF,SNRPN Upstream Open Reading Frame,Protein Coding,Q9Y675,41,GC15P024954,1.382823944,https://www.genecards.org/cgi-bin/carddisp.pl?gene=SNURF
SNW1,SNW Domain Containing 1,Protein Coding,Q13573,48,GC14M077717,3.128165722,https://www.genecards.org/cgi-bin/carddisp.pl?gene=SNW1
SON,SON DNA And RNA Binding Protein,Protein Coding,P18583,48,GC21P033542,0.841007054,https://www.genecards.org/cgi-bin/carddisp.pl?gene=SON
SREK1,Splicing Regulatory Glutamic Acid And Lysine Rich Protein 1,Protein Coding,Q8WXA9,40,GC05P066139,0.485555649,https://www.genecards.org/cgi-bin/carddisp.pl?gene=SREK1
SREK1IP1,SREK1 Interacting Protein 1,Protein Coding,Q8N9Q2,37,GC05M064718,0.485555649,https://www.genecards.org/cgi-bin/carddisp.pl?gene=SREK1IP1
SRPK1,SRSF Protein Kinase 1,Protein Coding,Q96SB4,53,GC06M093930,0.686679363,https://www.genecards.org/cgi-bin/carddisp.pl?gene=SRPK1
SRPK2,SRSF Protein Kinase 2,Protein Coding,P78362,47,GC07M105110,0.686679363,https://www.genecards.org/cgi-bin/carddisp.pl?gene=SRPK2
SRRM1,Serine And Arginine Repetitive Matrix 1,Protein Coding,Q8IYB3,41,GC01P024631,2.353935242,https://www.genecards.org/cgi-bin/carddisp.pl?gene=SRRM1
SRRM2,Serine/Arginine Repetitive Matrix 2,Protein Coding,Q9UQ35,46,GC16P080460,2.069503307,https://www.genecards.org/cgi-bin/carddisp.pl?gene=SRRM2
SRRM4,Serine/Arginine Repetitive Matrix 4,Protein Coding,A7MD48,40,GC12P118981,0.841007054,https://www.genecards.org/cgi-bin/carddisp.pl?gene=SRRM4
SRRT,"Serrate, RNA Effector Molecule",Protein Coding,Q9BXP5,46,GC07P100875,1.382823944,https://www.genecards.org/cgi-bin/carddisp.pl?gene=SRRT
SRSF1,Serine And Arginine Rich Splicing Factor 1,Protein Coding,Q07955,51,GC17M078409,3.372894287,https://www.genecards.org/cgi-bin/carddisp.pl?gene=SRSF1
SRSF10,Serine And Arginine Rich Splicing Factor 10,Protein Coding,O75494,43,GC01M023964,2.468559265,https://www.genecards.org/cgi-bin/carddisp.pl?gene=SRSF10
SRSF11,Serine And Arginine Rich Splicing Factor 11,Protein Coding,Q05519,41,GC01P070211,1.868379593,https://www.genecards.org/cgi-bin/carddisp.pl?gene=SRSF11
SRSF12,Serine And Arginine Rich Splicing Factor 12,Protein Coding,Q8WXF0,38,GC06M089095,2.353935242,https://www.genecards.org/cgi-bin/carddisp.pl?gene=SRSF12
SRSF2,Serine And Arginine Rich Splicing Factor 2,Protein Coding,Q01130,48,GC17M076734,3.128165722,https://www.genecards.org/cgi-bin/carddisp.pl?gene=SRSF2
SRSF3,Serine And Arginine Rich Splicing Factor 3,Protein Coding,P84103,47,GC06P134982,2.223830938,https://www.genecards.org/cgi-bin/carddisp.pl?gene=SRSF3
SRSF4,Serine And Arginine Rich Splicing Factor 4,Protein Coding,Q08170,43,GC01M029147,2.353935242,https://www.genecards.org/cgi-bin/carddisp.pl?gene=SRSF4
SRSF5,Serine And Arginine Rich Splicing Factor 5,Protein Coding,Q13243,44,GC14P069727,2.069503307,https://www.genecards.org/cgi-bin/carddisp.pl?gene=SRSF5
SRSF6,Serine And Arginine Rich Splicing Factor 6,Protein Coding,Q13247,49,GC20P043457,3.372894287,https://www.genecards.org/cgi-bin/carddisp.pl?gene=SRSF6
SRSF7,Serine And Arginine Rich Splicing Factor 7,Protein Coding,Q16629,48,GC02M038743,3.128165722,https://www.genecards.org/cgi-bin/carddisp.pl?gene=SRSF7
SRSF8,Serine And Arginine Rich Splicing Factor 8,Protein Coding,Q9BRL6,35,GC11P095066,2.069503307,https://www.genecards.org/cgi-bin/carddisp.pl?gene=SRSF8
SRSF9,Serine And Arginine Rich Splicing Factor 9,Protein Coding,Q13242,46,GC12M120461,2.223830938,https://www.genecards.org/cgi-bin/carddisp.pl?gene=SRSF9
STEEP1,STING1 ER Exit Protein 1,Protein Coding,Q9H5V9,41,GC0XM119540,1.382823944,https://www.genecards.org/cgi-bin/carddisp.pl?gene=STEEP1
STH,Saitohin,Protein Coding,Q8IWL8,39,GC17P045999,0.485555649,https://www.genecards.org/cgi-bin/carddisp.pl?gene=STH
STRAP,Serine/Threonine Kinase Receptor Associated Protein,Protein Coding,Q9Y3F4,47,GC12P015882,0.686679363,https://www.genecards.org/cgi-bin/carddisp.pl?gene=STRAP
STX2,Syntaxin 2,Protein Coding,P32856,46,GC12M130789,1.571356297,https://www.genecards.org/cgi-bin/carddisp.pl?gene=STX2
STXBP2,Syntaxin Binding Protein 2,Protein Coding,Q15833,53,GC19P112137,1.571356297,https://www.genecards.org/cgi-bin/carddisp.pl?gene=STXBP2
SUGP1,SURP And G-Patch Domain Containing 1,Protein Coding,Q8IWZ8,43,GC19M019276,1.868379593,https://www.genecards.org/cgi-bin/carddisp.pl?gene=SUGP1
SUGP2,SURP And G-Patch Domain Containing 2,Protein Coding,Q8IX01,43,GC19M018990,0.485555649,https://www.genecards.org/cgi-bin/carddisp.pl?gene=SUGP2
SUPT20H,"SPT20 Homolog, SAGA Complex Component",Protein Coding,Q8NEM7,45,GC13M037009,0.485555649,https://www.genecards.org/cgi-bin/carddisp.pl?gene=SUPT20H
SUPT3H,"SPT3 Homolog, SAGA And STAGA Complex Component",Protein Coding,O75486,45,GC06M094055,0.485555649,https://www.genecards.org/cgi-bin/carddisp.pl?gene=SUPT3H
SUPT6H,"SPT6 Homolog, Histone Chaperone And Transcription Elongation Factor",Protein Coding,Q7KZ85,42,GC17P028662,0.485555649,https://www.genecards.org/cgi-bin/carddisp.pl?gene=SUPT6H
SUPT7L,"SPT7 Like, STAGA Complex Subunit Gamma",Protein Coding,O94864,37,GC02M028897,0.485555649,https://www.genecards.org/cgi-bin/carddisp.pl?gene=SUPT7L
SYF2,SYF2 Pre-MRNA Splicing Factor,Protein Coding,O95926,37,GC01M025222,2.069503307,https://www.genecards.org/cgi-bin/carddisp.pl?gene=SYF2
SYNCRIP,Synaptotagmin Binding Cytoplasmic RNA Interacting Protein,Protein Coding,O60506,46,GC06M085607,0.686679363,https://www.genecards.org/cgi-bin/carddisp.pl?gene=SYNCRIP
TADA1,Transcriptional Adaptor 1,Protein Coding,Q96BN2,38,GC01M166826,0.485555649,https://www.genecards.org/cgi-bin/carddisp.pl?gene=TADA1
TADA2B,Transcriptional Adaptor 2B,Protein Coding,Q86TJ2,41,GC04P007686,0.485555649,https://www.genecards.org/cgi-bin/carddisp.pl?gene=TADA2B
TADA3,Transcriptional Adaptor 3,Protein Coding,O75528,42,GC03M009779,0.485555649,https://www.genecards.org/cgi-bin/carddisp.pl?gene=TADA3
TAF10,TATA-Box Binding Protein Associated Factor 10,Protein Coding,Q12962,47,GC11M012127,0.485555649,https://www.genecards.org/cgi-bin/carddisp.pl?gene=TAF10
TAF12,TATA-Box Binding Protein Associated Factor 12,Protein Coding,Q16514,45,GC01M031304,0.485555649,https://www.genecards.org/cgi-bin/carddisp.pl?gene=TAF12
TAF15,TATA-Box Binding Protein Associated Factor 15,Protein Coding,Q92804,51,GC17P111965,0.485555649,https://www.genecards.org/cgi-bin/carddisp.pl?gene=TAF15
TAF5L,TATA-Box Binding Protein Associated Factor 5 Like,Protein Coding,O75529,45,GC01M229593,0.485555649,https://www.genecards.org/cgi-bin/carddisp.pl?gene=TAF5L
TAF6L,TATA-Box Binding Protein Associated Factor 6 Like,Protein Coding,Q9Y6J9,40,GC11P062771,0.485555649,https://www.genecards.org/cgi-bin/carddisp.pl?gene=TAF6L
TAF9,TATA-Box Binding Protein Associated Factor 9,Protein Coding,Q16594,47,GC05M078088,0.485555649,https://www.genecards.org/cgi-bin/carddisp.pl?gene=TAF9
TARDBP,TAR DNA Binding Protein,Protein Coding,Q13148,56,GC01P039670,0.485555649,https://www.genecards.org/cgi-bin/carddisp.pl?gene=TARDBP
TCERG1,Transcription Elongation Regulator 1,Protein Coding,O14776,50,GC05P146447,1.868379593,https://www.genecards.org/cgi-bin/carddisp.pl?gene=TCERG1
TFIP11,Tuftelin Interacting Protein 11,Protein Coding,Q9UBB9,44,GC22M026491,2.069503307,https://www.genecards.org/cgi-bin/carddisp.pl?gene=TFIP11
THOC1,THO Complex Subunit 1,Protein Coding,Q96FV9,44,GC18M000204,0.485555649,https://www.genecards.org/cgi-bin/carddisp.pl?gene=THOC1
THOC2,THO Complex Subunit 2,Protein Coding,Q8NI27,47,GC0XM123600,0.485555649,https://www.genecards.org/cgi-bin/carddisp.pl?gene=THOC2
THOC3,THO Complex Subunit 3,Protein Coding,Q96J01,40,GC05M175917,0.485555649,https://www.genecards.org/cgi-bin/carddisp.pl?gene=THOC3
THOC5,THO Complex Subunit 5,Protein Coding,Q13769,45,GC22M029505,0.485555649,https://www.genecards.org/cgi-bin/carddisp.pl?gene=THOC5
THOC6,THO Complex Subunit 6,Protein Coding,Q86W42,46,GC16P003024,0.485555649,https://www.genecards.org/cgi-bin/carddisp.pl?gene=THOC6
THOC7,THO Complex Subunit 7,Protein Coding,Q6I9Y2,40,GC03M063833,0.485555649,https://www.genecards.org/cgi-bin/carddisp.pl?gene=THOC7
THRAP3,Thyroid Hormone Receptor Associated Protein 3,Protein Coding,Q9Y2W1,42,GC01P042615,0.841007054,https://www.genecards.org/cgi-bin/carddisp.pl?gene=THRAP3
TIA1,TIA1 Cytotoxic Granule Associated RNA Binding Protein,Protein Coding,P31483,51,GC02M070209,1.818811178,https://www.genecards.org/cgi-bin/carddisp.pl?gene=TIA1
TIAL1,TIA1 Cytotoxic Granule Associated RNA Binding Protein Like 1,Protein Coding,Q01085,48,GC10M119571,0.977804124,https://www.genecards.org/cgi-bin/carddisp.pl?gene=TIAL1
TMBIM6,Transmembrane BAX Inhibitor Motif Containing 6,Protein Coding,P55061,46,GC12P049707,0.485555649,https://www.genecards.org/cgi-bin/carddisp.pl?gene=TMBIM6
TRA2A,Transformer 2 Alpha Homolog,Protein Coding,Q13595,43,GC07M023504,0.841007054,https://www.genecards.org/cgi-bin/carddisp.pl?gene=TRA2A
TRA2B,Transformer 2 Beta Homolog,Protein Coding,P62995,48,GC03M185914,2.572187424,https://www.genecards.org/cgi-bin/carddisp.pl?gene=TRA2B
TRPT1,TRNA Phosphotransferase 1,Protein Coding,Q86TN4,40,GC11M064223,0.485555649,https://www.genecards.org/cgi-bin/carddisp.pl?gene=TRPT1
TRRAP,Transformation/Transcription Domain Associated Protein,Protein Coding,Q9Y4A5,53,GC07P098877,0.485555649,https://www.genecards.org/cgi-bin/carddisp.pl?gene=TRRAP
TSEN15,TRNA Splicing Endonuclease Subunit 15,Protein Coding,Q8WW01,48,GC01P184061,1.463359833,https://www.genecards.org/cgi-bin/carddisp.pl?gene=TSEN15
TSEN2,TRNA Splicing Endonuclease Subunit 2,Protein Coding,Q8NCE0,50,GC03P021571,1.463359833,https://www.genecards.org/cgi-bin/carddisp.pl?gene=TSEN2
TSEN34,TRNA Splicing Endonuclease Subunit 34,Protein Coding,Q9BSV6,46,GC19P121728,1.463359833,https://www.genecards.org/cgi-bin/carddisp.pl?gene=TSEN34
TSEN54,TRNA Splicing Endonuclease Subunit 54,Protein Coding,Q7Z6J9,47,GC17P075515,1.463359833,https://www.genecards.org/cgi-bin/carddisp.pl?gene=TSEN54
TSSC4,Tumor Suppressing Subtransferable Candidate 4,Protein Coding,Q9Y5U2,40,GC11P002400,0.485555649,https://www.genecards.org/cgi-bin/carddisp.pl?gene=TSSC4
TTF2,Transcription Termination Factor 2,Protein Coding,Q9UNY4,48,GC01P117060,0.485555649,https://www.genecards.org/cgi-bin/carddisp.pl?gene=TTF2
TXNL4A,Thioredoxin Like 4A,Protein Coding,P83876,50,GC18M079970,3.128165722,https://www.genecards.org/cgi-bin/carddisp.pl?gene=TXNL4A
TXNL4B,Thioredoxin Like 4B,Protein Coding,Q9NX01,41,GC16M072044,0.686679363,https://www.genecards.org/cgi-bin/carddisp.pl?gene=TXNL4B
U2AF1,U2 Small Nuclear RNA Auxiliary Factor 1,Protein Coding,Q01081,52,GC21M043092,2.069503307,https://www.genecards.org/cgi-bin/carddisp.pl?gene=U2AF1
U2AF1L4,U2 Small Nuclear RNA Auxiliary Factor 1 Like 4,Protein Coding,Q8WU68,37,GC19M092723,2.069503307,https://www.genecards.org/cgi-bin/carddisp.pl?gene=U2AF1L4
U2AF2,U2 Small Nuclear RNA Auxiliary Factor 2,Protein Coding,P26368,47,GC19P055654,2.353935242,https://www.genecards.org/cgi-bin/carddisp.pl?gene=U2AF2
U2SURP,U2 SnRNP Associated SURP Domain Containing,Protein Coding,O15042,40,GC03P142964,1.382823944,https://www.genecards.org/cgi-bin/carddisp.pl?gene=U2SURP
UBL5,Ubiquitin Like 5,Protein Coding,Q9BZL1,41,GC19P009827,1.868379593,https://www.genecards.org/cgi-bin/carddisp.pl?gene=UBL5
UMOD,Uromodulin,Protein Coding,P07911,51,GC16M021309,0.485555649,https://www.genecards.org/cgi-bin/carddisp.pl?gene=UMOD
UPF1,UPF1 RNA Helicase And ATPase,Protein Coding,Q92900,50,GC19P018831,0.485555649,https://www.genecards.org/cgi-bin/carddisp.pl?gene=UPF1
UPF3A,UPF3A Regulator Of Nonsense Mediated MRNA Decay,Protein Coding,Q9H1J1,43,GC13P114281,0.485555649,https://www.genecards.org/cgi-bin/carddisp.pl?gene=UPF3A
UPF3B,UPF3B Regulator Of Nonsense Mediated MRNA Decay,Protein Coding,Q9BZI7,47,GC0XM119805,1.868379593,https://www.genecards.org/cgi-bin/carddisp.pl?gene=UPF3B
USB1,U6 SnRNA Biogenesis Phosphodiesterase 1,Protein Coding,Q9BQ65,42,GC16P057999,0.485555649,https://www.genecards.org/cgi-bin/carddisp.pl?gene=USB1
USP22,Ubiquitin Specific Peptidase 22,Protein Coding,Q9UPT9,49,GC17M020999,0.485555649,https://www.genecards.org/cgi-bin/carddisp.pl?gene=USP22
USP39,Ubiquitin Specific Peptidase 39,Protein Coding,Q53GS9,43,GC02P086489,2.069503307,https://www.genecards.org/cgi-bin/carddisp.pl?gene=USP39
USP49,Ubiquitin Specific Peptidase 49,Protein Coding,Q70CQ1,42,GC06M093999,0.686679363,https://www.genecards.org/cgi-bin/carddisp.pl?gene=USP49
VIRMA,Vir Like M6A Methyltransferase Associated,Protein Coding,Q69YN4,42,GC08M094496,0.485555649,https://www.genecards.org/cgi-bin/carddisp.pl?gene=VIRMA
WBP11,WW Domain Binding Protein 11,Protein Coding,Q9Y2W2,44,GC12M014784,1.868379593,https://www.genecards.org/cgi-bin/carddisp.pl?gene=WBP11
WBP4,WW Domain Binding Protein 4,Protein Coding,O75554,41,GC13P041061,2.223830938,https://www.genecards.org/cgi-bin/carddisp.pl?gene=WBP4
WDR70,WD Repeat Domain 70,Protein Coding,Q9NW82,40,GC05P037976,1.382823944,https://www.genecards.org/cgi-bin/carddisp.pl?gene=WDR70
WDR77,WD Repeat Domain 77,Protein Coding,Q9BQA1,45,GC01M111439,0.485555649,https://www.genecards.org/cgi-bin/carddisp.pl?gene=WDR77
WDR83,WD Repeat Domain 83,Protein Coding,Q9BRX9,38,GC19P012666,0.841007054,https://www.genecards.org/cgi-bin/carddisp.pl?gene=WDR83
WT1,WT1 Transcription Factor,Protein Coding,P19544,56,GC11M032365,0.485555649,https://www.genecards.org/cgi-bin/carddisp.pl?gene=WT1
WTAP,WT1 Associated Protein,Protein Coding,Q15007,46,GC06P159725,0.686679363,https://www.genecards.org/cgi-bin/carddisp.pl?gene=WTAP
XAB2,XPA Binding Protein 2,Protein Coding,Q9HCS7,46,GC19M007619,2.069503307,https://www.genecards.org/cgi-bin/carddisp.pl?gene=XAB2
YBX1,Y-Box Binding Protein 1,Protein Coding,P67809,49,GC01P042682,2.772714376,https://www.genecards.org/cgi-bin/carddisp.pl?gene=YBX1
YJU2,YJU2 Splicing Factor Homolog,Protein Coding,Q9BW85,39,GC19P111986,2.069503307,https://www.genecards.org/cgi-bin/carddisp.pl?gene=YJU2
YJU2B,YJU2 Splicing Factor Homolog B,Protein Coding,P13994,35,GC19P112494,0.686679363,https://www.genecards.org/cgi-bin/carddisp.pl?gene=YJU2B
YTHDC1,YTH N6-Methyladenosine RNA Binding Protein C1,Protein Coding,Q96MU7,46,GC04M068310,0.971111298,https://www.genecards.org/cgi-bin/carddisp.pl?gene=YTHDC1
ZBTB7A,Zinc Finger And BTB Domain Containing 7A,Protein Coding,O95365,45,GC19M091813,0.485555649,https://www.genecards.org/cgi-bin/carddisp.pl?gene=ZBTB7A
ZBTB8OS,Zinc Finger And BTB Domain Containing 8 Opposite Strand,Protein Coding,Q8IWT0,39,GC01M032600,1.463359833,https://www.genecards.org/cgi-bin/carddisp.pl?gene=ZBTB8OS
ZC3H10,Zinc Finger CCCH-Type Containing 10,Protein Coding,Q96K80,40,GC12P056118,0.485555649,https://www.genecards.org/cgi-bin/carddisp.pl?gene=ZC3H10
ZC3H13,Zinc Finger CCCH-Type Containing 13,Protein Coding,Q5T200,39,GC13M045954,0.485555649,https://www.genecards.org/cgi-bin/carddisp.pl?gene=ZC3H13
ZCCHC8,Zinc Finger CCHC-Type Containing 8,Protein Coding,Q6NZY4,46,GC12M123651,0.686679363,https://www.genecards.org/cgi-bin/carddisp.pl?gene=ZCCHC8
ZCRB1,Zinc Finger CCHC-Type And RNA Binding Motif Containing 1,Protein Coding,Q8TBF4,40,GC12M042312,2.66305542,https://www.genecards.org/cgi-bin/carddisp.pl?gene=ZCRB1
ZMAT2,Zinc Finger Matrin-Type 2,Protein Coding,Q96NC0,39,GC05P153511,2.069503307,https://www.genecards.org/cgi-bin/carddisp.pl?gene=ZMAT2
ZMAT5,Zinc Finger Matrin-Type 5,Protein Coding,Q9UDW3,37,GC22M029730,2.461931705,https://www.genecards.org/cgi-bin/carddisp.pl?gene=ZMAT5
ZNF326,Zinc Finger Protein 326,Protein Coding,Q5BKZ1,43,GC01P089995,0.686679363,https://www.genecards.org/cgi-bin/carddisp.pl?gene=ZNF326
ZNF638,Zinc Finger Protein 638,Protein Coding,Q14966,42,GC02P071276,0.686679363,https://www.genecards.org/cgi-bin/carddisp.pl?gene=ZNF638
ZNF830,Zinc Finger Protein 830,Protein Coding,Q96NB3,37,GC17P034961,1.868379593,https://www.genecards.org/cgi-bin/carddisp.pl?gene=ZNF830
ZPR1,ZPR1 Zinc Finger,Protein Coding,O75312,48,GC11M126472,0.686679363,https://www.genecards.org/cgi-bin/carddisp.pl?gene=ZPR1
ZRANB2,Zinc Finger RANBP2-Type Containing 2,Protein Coding,O95218,41,GC01M071063,0.485555649,https://www.genecards.org/cgi-bin/carddisp.pl?gene=ZRANB2
ZRSR2,"Zinc Finger CCCH-Type, RNA Binding Motif And Serine/Arginine Rich 2",Protein Coding,Q15696,43,GC0XP015790,2.66305542,https://www.genecards.org/cgi-bin/carddisp.pl?gene=ZRSR2
ZRSR2P1,ZRSR2 Pseudogene 1,Pseudogene,Q15695,27,GC05P112917,0.485555649,https://www.genecards.org/cgi-bin/carddisp.pl?gene=ZRSR2P1
SRRM3,Serine/Arginine Repetitive Matrix 3,Protein Coding,A6NNA2,40,GC07P076201,36.53,CK added
RP9,RP9 Pre-MRNA Splicing Factor,Protein Coding,Q8TA86,45,GC07M033094,12.25,CK added
MSI1,Musashi RNA Binding Protein 1,Protein Coding,O43347,47,GC12M120341,43.68,CK added
MSI2,Musashi RNA Binding Protein 2,Protein Coding,Q96DH6,47,GC17P057255,49.79,CK added