ID	Description	Count	GeneRatio	geneID
GO:0000146	microfilament motor activity	7	7/1674	MYO5A/MYO1D/MYO5B/MYO10/MYO1F/MYO5C/MYO3A
GO:0003777	microtubule motor activity	18	18/1674	KIF24/KIF18B/KIF5C/KIF5A/KIF2C/CENPE/KIF11/KIF23/KIF3A/KIF18A/KIF14/KIF21B/KIF20A/KIF3B/KIF4A/KIF16B/KIF3C/KIF22
GO:0061791	GTPase motor activity	0	0/1674	
GO:0140605	proton motive force-driven motor activity	0	0/1674	
GO:0004133	glycogen debranching enzyme activity	0	0/1674	
GO:0009975	cyclase activity	2	2/1674	ADCY1/ADCY8
GO:0016218	polyketide synthase activity	0	0/1674	
GO:0016491	oxidoreductase activity	44	44/1674	DIO3/AKR1C1/P4HB/PDIA2/ADO/NQO1/TH/ASPHD1/MSRB3/RRM2/KCNAB1/CRYL1/ALDH1A1/GPX8/BDH2/DHRS3/PDIA4/PLOD2/GPD1L/AKR1C2/SESN3/GFOD1/SELENBP1/ALDH9A1/GFOD2/CYP1B1/MICAL1/RDH10/PRDX6/GPD2/COX7A2/UGDH/ETFB/DHRS12/P3H2/BLVRB/HEPH/PIR/HSD17B14/HSD17B2/PLOD1/CYBRD1/H6PD/MGST1
GO:0016740	transferase activity	148	148/1674	LYN/EFNA4/TGM2/OSTC/COLGALT2/RPS6KL1/SULT1C2/CHSY3/EPHB4/FBLL1/SBK1/ZNRF1/PRKG1/PRKD1/CHST15/PJA1/AURKB/ERBB4/POGLUT3/PNPLA2/ST8SIA3/TYMS/CDK5R1/RNF152/SPHK1/UBE2C/PLK3/PARP14/GXYLT2/PIK3CD/SOSTDC1/HAS2/CDK1/ANKK1/TRIM56/BUB1/PBK/TK1/MGAT5B/AXL/PLK1/PGM2L1/MELK/CAMKV/PKDCC/BRSK1/GALNT14/DGKI/NMNAT2/BUB1B/EPHB1/LRRK1/MERTK/PRDM8/PDK1/GLT1D1/NEK7/GXYLT1/DLG2/LATS2/POLR3A/NTRK2/EGFR/TTBK1/PLK2/SETD7/EPHA5/MARCHF4/PRDM16/ERBB2/ARK2C/BRCA2/BMPR1B/PARP6/B4GALNT1/PDGFRA/STK26/DDB2/DCLK1/TRIM22/TRIM5/ACLY/SULT4A1/FGFRL1/RIOK1/NAGK/CDK2/PDZRN3/TRIM25/SGK1/NEK2/PRDX6/CDK18/EPHA4/ABHD14B/MAPKAPK3/KAT2B/PDGFRB/TTK/UST/ST8SIA1/PRMT8/GALNT18/CCND1/B3GAT1/MMD/MAP3K8/PIP5K1B/AK1/GCK/GARS1/MET/CDK6/MAST1/HAS1/PLA2G4C/STK3/QPRT/PAK5/POLE2/MFNG/NRP1/MYO3A/DHPS/MAP3K20/LTBP4/AURKA/B4GALT1/PAFAH1B3/FGFR1/JADE1/PAK3/MAP3K13/RPS6KA2/MAP4K4/EPHA8/CAMK2A/CHAT/POLB/FGFR3/PRKCQ/SOAT1/VRK2/AGPAT4/PRDM11/FYN/MGST1/HECW1
GO:0016787	hydrolase activity	183	183/1674	TUBB3/PDXP/ERCC6/CFI/TGM2/MMP17/ATL1/DNM3/BLM/ADA/SULF2/MATCAP1/FANCM/KIF18B/ARL15/IMMP2L/SEPTIN5/PDE4B/FIGN/BACE2/RAD51B/PNPLA2/PGBD5/DIRAS1/TUBB6/RAB6A/NUDT4/RAB37/CARNS1/ECEL1/PDE7B/RAB3B/RAB31/KIF5C/NUDT8/TUBA1C/TUBA1A/FAM111A/SEC11C/RAB8B/HTRA1/CASP7/INPPL1/CASP3/PLB1/ADAMTS9/ACP6/PLPP3/GNG3/CDC25C/DPYSL5/MMP14/ATAD2/KIF5A/RHOC/MOV10/USP25/PTPRN2/RAB6B/ADAMTS1/UCHL1/DDAH1/RAB3C/PTPN14/DPYSL4/CAPN5/RGS10/ADAMTS19/CTDSP1/ABCA12/ARL8A/RAB13/ATP8B2/VASH2/RGS16/KIF2C/PGGHG/RHBDL3/REM2/MTMR6/PLCE1/ADAM10/KIF23/SULF1/TUBB2B/TUBB2A/BRIP1/TNS3/RGS8/AGAP2/RAB33A/NAV1/RFC3/CHRM3/PCNA/RIDA/KIF3A/DPP6/PLPPR3/RAB2B/MINDY2/CHTF18/RHOJ/RRAS/MGME1/PCSK2/DTD1/RIOK1/RAB38/NLN/ARL4A/CPXM2/KIF18A/SCPEP1/DUSP4/DUSP1/HELLS/KIF14/PRDX6/KIF21B/RGS2/PLCH1/ABHD14B/BCHE/SMC4/DPYSL3/LNPEP/KIF20A/MAN2A1/DNPH1/MCM3/PTPN5/NEIL3/CPZ/RND2/ACTA2/AEBP1/GARS1/PON2/RAB3A/PLA2G4C/ATP1A3/TUBB4A/MCM4/CA2/SMPD3/ATG4A/AHCY/KIF3B/EEF1A2/PRORP/LGMN/MCM5/SEPTIN3/ACOT7/ADA2/DPYSL2/RGS17/KIF16B/CPXM1/GNAO1/ACHE/MTMR2/KIF3C/PHLPP1/KIF22/PAFAH1B3/CDC14A/REXO2/MCM6/PLD1/ADAM11/MCM2/CRMP1/MPPED2/ATP2C2/ATP9A/H6PD/HDAC9/RNASET2/ATP1A2/ABCC8/MTMR7
GO:0016829	lyase activity	13	13/1674	ADCY1/ADCY8/HMGA2/CSAD/CYP1B1/ENOSF1/GAD1/GLO1/CA14/NEIL3/CA2/POLB/RNASET2
GO:0016853	isomerase activity	9	9/1674	ECI2/P4HB/PDIA2/PGM2L1/PDIA4/FKBP10/ENOSF1/TOP2A/ISYNA1
GO:0016874	ligase activity	11	11/1674	CARNS1/SUCLG2/ACSF2/ACSL1/TTLL7/ASS1/TRIM25/ACSS3/GARS1/SARS1/LIG3
GO:0032451	demethylase activity	0	0/1674	
GO:0061783	peptidoglycan muralytic activity	0	0/1674	
GO:0140096	catalytic activity, acting on a protein	161	161/1674	LYN/EFNA4/PDXP/CFI/TGM2/COLGALT2/MMP17/RPS6KL1/EPHB4/MATCAP1/FBLL1/SBK1/ZNRF1/P4HB/PDIA2/PRKG1/IMMP2L/PRKD1/FIGN/BACE2/PJA1/AURKB/ERBB4/CDK5R1/RNF152/UBE2C/PLK3/PARP14/ECEL1/SOSTDC1/CDK1/ANKK1/TRIM56/BUB1/PBK/MGAT5B/AXL/PLK1/FAM111A/SEC11C/HTRA1/CASP7/MELK/CASP3/CAMKV/ADAMTS9/PKDCC/BRSK1/CDC25C/GALNT14/MMP14/BUB1B/PDIA4/USP25/PTPRN2/EPHB1/ADAMTS1/UCHL1/LRRK1/MERTK/PLOD2/PRDM8/PDK1/PTPN14/NEK7/LATS2/CAPN5/NTRK2/EGFR/TTBK1/ADAMTS19/PLK2/SETD7/EPHA5/MARCHF4/CTDSP1/VASH2/PRDM16/PGGHG/FKBP10/ERBB2/ARK2C/RHBDL3/BRCA2/MTMR6/BMPR1B/TTLL7/ADAM10/PARP6/TNS3/PDGFRA/STK26/DDB2/DCLK1/TRIM22/TRIM5/DPP6/MINDY2/FGFRL1/PCSK2/RIOK1/CDK2/NLN/CPXM2/PDZRN3/SCPEP1/TRIM25/DUSP4/DUSP1/SGK1/NEK2/CDK18/EPHA4/ABHD14B/MAPKAPK3/KAT2B/PDGFRB/LNPEP/TTK/PRMT8/PTPN5/GALNT18/CCND1/CPZ/MMD/MAP3K8/AEBP1/MET/CDK6/MAST1/STK3/ATG4A/PAK5/LGMN/NRP1/MYO3A/MAP3K20/P3H2/LTBP4/CPXM1/AURKA/MTMR2/PLOD1/PHLPP1/CDC14A/FGFR1/JADE1/PAK3/MAP3K13/ADAM11/RPS6KA2/MAP4K4/EPHA8/CAMK2A/FGFR3/PRKCQ/HDAC9/VRK2/FYN/MTMR7/HECW1
GO:0140640	catalytic activity, acting on a nucleic acid	34	34/1674	ERCC6/BLM/XRCC2/FBLL1/FANCM/RAD51B/PGBD5/MOV10/HMGA2/POLR3A/DSCC1/BRIP1/RFC3/PCNA/RIDA/TOP2A/CHTF18/MGME1/DTD1/HELLS/MCM3/NEIL3/GARS1/MCM4/PRORP/POLE2/MCM5/REXO2/MCM6/MCM2/POLB/SARS1/RNASET2/LIG3
GO:1904091	non-ribosomal peptide synthetase activity	0	0/1674	
GO:0003735	structural constituent of ribosome	2	2/1674	RPL23A/RPL22L1
GO:0005199	structural constituent of cell wall	0	0/1674	
GO:0005200	structural constituent of cytoskeleton	23	23/1674	NEFL/TUBB3/DMD/LMNB2/TUBB6/KRT19/TUBA1C/TUBA1A/SPTBN4/EPB41/ANK3/INA/ADD3/TPM1/TUBB2B/TUBB2A/SORBS3/TUBB4A/NEFM/ACTL6B/ADD2/CTNNA2/VIM
GO:0005201	extracellular matrix structural constituent	38	38/1674	COL5A2/COL4A6/COL27A1/COL25A1/COL4A5/COL4A1/EFEMP2/LAMB2/COL22A1/MFAP4/FBN1/COL1A2/IGFBP7/TUFT1/CCN1/HSPG2/MFGE8/LUM/COL2A1/FBN2/THBS1/LAMC1/COL4A2/LAMA5/COL5A1/LTBP2/FN1/SPARC/COL9A1/COL1A1/AEBP1/COL9A3/LTBP4/FBLN1/COL23A1/COL9A2/VCAN/ANOS1
GO:0005212	structural constituent of eye lens	8	8/1674	CRYBB2/CRYBA4/CRYAB/CRYBA1/CRYBB1/CRYBB3/CRYBG3/VIM
GO:0005213	structural constituent of egg chorion	0	0/1674	
GO:0008147	structural constituent of bone	0	0/1674	
GO:0008307	structural constituent of muscle	6	6/1674	DMD/TPM2/KRT19/NEXN/TPM1/MYL9
GO:0008316	structural constituent of vitelline membrane	0	0/1674	
GO:0016490	structural constituent of peritrophic membrane	0	0/1674	
GO:0017056	structural constituent of nuclear pore	0	0/1674	
GO:0019911	structural constituent of myelin sheath	3	3/1674	MARVELD1/MAL2/GPM6B
GO:0030280	structural constituent of skin epidermis	0	0/1674	
GO:0030281	structural constituent of cutaneous appendage	0	0/1674	
GO:0030527	structural constituent of chromatin	4	4/1674	H3C2/H2AX/H1-2/H1-5
GO:0039660	structural constituent of virion	0	0/1674	
GO:0042302	structural constituent of cuticle	0	0/1674	
GO:0043886	structural constituent of carboxysome shell	0	0/1674	
GO:0097099	structural constituent of albumen	0	0/1674	
GO:0097493	structural molecule activity conferring elasticity	4	4/1674	FBN1/FBN2/LAMC1/AHNAK
GO:0098918	structural constituent of synapse	7	7/1674	NEFL/DNM3/ERC2/BSN/SHANK2/INA/PPFIA2
GO:0140756	structural constituent of proteasome	0	0/1674	
GO:0005319	lipid transporter activity	11	11/1674	SPNS2/STARD4/ABCA12/ATP8B2/GLTP/SLC43A3/APOE/NPC2/SLC2A1/PITPNM2/ATP9A
GO:0022857	transmembrane transporter activity	92	92/1674	CACNA1E/SLC2A10/ANXA6/TMEM63A/LRRC26/KCNH7/KCNJ12/KCNH8/SPNS2/KCNA4/ORAI3/BCL2/KCND3/ATP6V0E2/CHRNA5/SCN9A/KCNAB1/SCN11A/CACNB3/SCN3B/GABRB3/SVOP/SLC18A2/TMEM63C/CALHM4/GRIK3/SLC22A15/CHRNB2/SLC37A1/ATP6V0D1/CLIC6/SV2A/KCNB1/SLC6A1/KCNS2/GRIA1/PIEZO2/SCN3A/GJA1/GABRA2/CACNA1B/SLC26A7/CHRNB3/ABCA12/SLC39A1/XPR1/CACNA1A/SLC16A3/DISP2/SLC7A1/SLC44A5/SLCO5A1/KCNK1/SLC43A3/SNAP25/ANO1/KCNC1/TMEM175/SV2C/GRIA2/SLC19A2/SLC2A1/ATP6V1B1/ASIC1/TMEM109/P2RX3/STIM2/SFXN3/NCS1/ATP1A3/SLC7A5/SLC7A6/MAGT1/CHRNA4/SLC7A8/SLC17A6/CHRNA3/SLC4A4/PKD2L2/CACNG4/KCNQ2/CLCN4/ASIC4/CYBRD1/SLC44A1/CACNB1/SLC12A2/ATP2C2/KCNH2/ATP1A2/GABRA3/ABCC8
GO:0140318	protein transporter activity	0	0/1674	
GO:0000035	acyl binding	0	0/1674	
GO:0003823	antigen binding	2	2/1674	SLC7A5/SLC7A8
GO:0005515	protein binding	1166	1166/1674	H3C2/NOTCH2NLC/NEFL/CASTOR2/CD24/SRGAP2/TXNIP/CLEC19A/FRRS1L/TUBB3/LYN/GPR162/CRYBB2/EFNA4/STON1/ARHGDIG/PDXP/PNMA2/ERCC6/FXYD7/TAFA5/LBH/GPC2/ARHGAP19/MXD3/MLLT11/OLIG2/ONECUT3/RGL3/CFI/ADGRG1/DCTN1/COL5A2/TCEAL5/GDI1/FANK1/RORB/TGM2/DMD/L1CAM/PRC1/OSTC/RUSC2/HMGN2/SCAMP5/COLGALT2/SMOC1/ECI2/CALM1/ATL1/TPM2/NRARP/RPL23A/SULT1C2/LPAR1/DNM3/ZNF71/SGTB/LHFPL5/FAM114A1/PARVA/COL4A6/MYO5A/STMN3/DACT3/BLM/ANXA6/FLNA/ADA/XRCC2/CRYBA4/EPHB4/CPNE4/TMEM63A/FAT4/MATCAP1/BLOC1S2/KIAA0408/PCDH18/JPT1/LITAF/FAM221A/VWC2/H2AX/DNER/EIF4EBP1/H1-2/FANCM/C2orf88/ERC2/SAMD11/COL4A1/DCC/BCAM/SESTD1/TSPYL4/AKR1C1/SLIT1/MITF/KIF24/GNG2/ZNRF1/KIF18B/LEMD1/IFITM1/PMEL/ZFP36L1/PBX1/P4HB/PDIA2/PRKG1/FAM131C/ARL15/FLRT2/CIB1/SIVA1/LRRC26/SEPTIN5/PDE4B/SOCS3/CEND1/PROS1/KNTC1/H1-5/EFNA5/SLIT3/PRKD1/KCNJ12/CNTN2/KCTD16/GPC6/MCEMP1/NTM/FIGN/KCNA4/BACE2/RAD51B/UNC5C/CHST15/ADO/FANCB/SOX2/ZNF467/PJA1/NQO1/GREM2/SHISA2/SSTR2/GAS1/MTURN/FZD2/TH/NRXN1/ATOH7/AURKB/CPNE7/ZHX2/MAF/ERBB4/AMER3/CCDC184/NECTIN3/NAALADL2/CRACR2B/AGTRAP/PNPLA2/C18orf32/NHLH2/RPRM/ST8SIA3/NR2C2/ERICH5/TGIF1/PAWR/PPFIA3/ZBTB38/DSCAML1/FAM89B/TCIM/TYMS/BASP1/CDK5R1/MYO1D/RNF152/LMNB2/DIRAS1/SPHK1/JAKMIP2/TUBB6/ORAI3/NR2F1/RMI2/CCDC85B/FOSL1/RAB6A/CLTB/UBE2C/CNIH2/CEP135/ZCCHC12/MSRB3/NET1/PLK3/HAP1/NUDT4/INSM1/SNCG/ABLIM3/CKS1B/PARP14/BNC2/RAB37/EFEMP2/AFF1/GNG12/SUCLG2/FRMD3/LAMB2/GAP43/SCG2/FRMD5/RRM2/BCL2/NHLH1/ENC1/PIK3CD/CXXC5/MAP6/PTGER4/CDK5R2/KCND3/KRT19/SOSTDC1/FAM241B/PKIA/S1PR1/HAS2/DCDC1/TRH/MTSS1/CDCA4/KRT8/SMAD1/CDK1/CRTAP/ANKK1/NSG2/ALCAM/TRIM56/LINGO1/NLGN1/CHRNA5/BUB1/CCDC8/SDC2/KCNAB1/GPRIN1/RAB3B/PARM1/IRS1/NSG1/CXXC4/LDLRAD4/LRATD2/RAB31/KIF5C/PBK/SCARA3/LTBP3/BSCL2/TK1/MGAT5B/HID1/CHAF1A/ATCAY/AXL/TUBA1C/TUBA1A/TP53I13/CACNB3/CDT1/IRGQ/MYO5B/TBC1D16/IGF2/GPRC5B/ISLR2/CERCAM/ACSF2/SAMD14/MAP1A/SMAD3/TSC22D4/STAT6/PLK1/TERF2IP/PCLAF/FAM111A/BLCAP/SEC11C/MFAP4/TMEM130/CRABP1/SCN3B/GABRB3/FBN1/RAB8B/SVOP/SPRED1/HTRA1/PACSIN3/CASP7/SLC18A2/OTX2/SKA3/CRYL1/INPPL1/LRFN5/MELK/DYNLT3/ALDH1A1/DNAAF5/ADCY1/COL1A2/CDCA7L/PTTG1/CITED2/EBF1/CASP3/GPX8/STARD4/ITGA2/FHIP1A/ANXA5/MAD2L1/HMGB2/POC1A/GRM2/CAMKV/BDH2/ABLIM2/ARHGEF3/CAMK2N2/FYCO1/IL17RC/CLRN1/SYNPR/CADPS/RPL22L1/SGO2/NFASC/CIP2A/IGFBP7/LMOD1/FSTL1/CLDN1/PBXIP1/FZD5/S100A11/CCDC74A/RFTN2/KLHDC8A/ATF3/PEA15/IGSF8/CADM3/SNX7/NEXN/NFIA/MEGF6/CAMK2N1/SDC3/PDPN/DRAXIN/PLPP3/BEND5/FGF19/GNG3/SHANK2/SPC24/ZNF385A/DMKN/CELF5/CHRNB2/BRSK1/SPTBN4/RALGDS/FNDC5/FAM131B/ATP6V0D1/BTG2/SCUBE1/CLIC6/SV2A/EPB41/DMTN/EDA/NBL1/ELK4/KCNB1/CDC25C/COLEC12/WASF2/RHPN1/LDLRAP1/RADIL/DPYSL5/CABP1/DGKI/CCNB2/FZD1/MMP14/LRP8/SLC6A1/SST/BUB1B/ATAD2/KCNS2/TSPAN7/KIF5A/ADCY8/LSM11/FZD7/PDIA4/GRIA1/RHOC/MOV10/USP25/EPHB1/RAB6B/APCDD1/ADAMTS1/CXADR/UCHL1/LRRK1/THY1/SEMA3D/CMIP/CNKSR3/MERTK/DAB2/CENPH/ZIC1/JAKMIP1/NRSN1/RAB3C/UTRN/PRDM8/GJA1/GPD1L/MBNL1/TMEM123/PLEKHH2/ZFP36L2/PDK1/PTPN14/TLCD4/SCHIP1/SACS/GABRA2/CENPU/WWC2/DPYSL4/POU4F2/TEX9/NEK7/NPAS3/AKAP6/ANK3/SEC24D/FOXO1/DIXDC1/DLG2/VEGFC/PDCD4/LYPD1/LATS2/ARID5B/HMGA2/TAGLN/KIRREL3/FEZ1/DRD2/SERPINH1/TENM4/KLHL35/SESN3/SERPING1/RGS10/INA/MKI67/TCF7L2/ADD3/ANKRD1/POLR3A/CACNA1B/NTRK2/PLIN2/NFIB/MAL2/SYBU/DIAPH2/SYTL5/NCAPG2/CDCA5/EGFR/CREB5/DYNLT1/MMS22L/PRSS35/TTBK1/SCUBE3/GFOD1/CPLX2/CXCL14/IQGAP2/PLK2/SKP2/MYO10/PDGFC/SFRP2/SETD7/USP53/CCNA2/EPHA5/SLIT2/MANF/MED12L/TMEM108/BOC/TAGLN3/CSRNP1/DYNC1LI1/CNTN4/CTDSP1/FANCD2/ACKR3/NYAP2/ABCA12/TMEFF2/SPOPL/CALM2/ARL8A/PLEKHA6/LEFTY2/SLC39A1/RAB13/ATP8B2/VASH2/SELENBP1/ANP32E/CGN/TUFT1/RGS16/NUF2/BARHL2/KIF2C/CCN1/HSPG2/EVA1B/SH3BGRL3/EFHD2/PRDM16/MYO1F/WTIP/EMP3/DOP1B/IFITM3/NFIC/CACNA1A/FKBP10/ERBB2/ARK2C/SLC16A3/ADCYAP1/ASXL3/MYOCD/MAP1LC3B/CDH11/MFGE8/TPM1/SYT16/RTN1/REM2/SRRM4/DIAPH3/BRCA2/SLC7A1/MTMR6/FOXN4/GLTP/NEDD1/LUM/PHLDA1/LRIG3/PPFIA2/COL2A1/CPNE8/GABARAPL1/ETV6/FBN2/CENPE/SHROOM3/BMPR1B/SHF/COX17/ITPRID2/PLCE1/TACC2/KIF11/MYOF/CENPO/CYP1B1/LHCGR/SLC44A5/ARHGAP29/TTLL7/GCHFR/ADAM10/SMAD6/UACA/PARP6/KIF23/NUSAP1/THBS1/FXYD6/YAP1/CCDC90B/TUBB2B/TUBB2A/TFAP2A/IGFBPL1/DNAJB5/DSCC1/GABBR2/STXBP1/DNAJC1/BRIP1/NACAD/TNS3/SPRY2/NIBAN1/RGS8/STX6/KCNK1/MICAL1/CD164/FAIM2/TROAP/PPP1R1A/AGAP2/GDF11/PRPH/MDFIC/BICDL1/ANXA1/COL4A2/PDGFRA/SLC43A3/PHC2/STK26/RAB33A/DDB2/LRP4/CRB1/CDC73/FST/MYCN/TMEM106C/NOTCH2/PTGFRN/PSRC1/MEIS2/CNTN6/BHLHE40/CCNB1/SWAP70/E2F5/C1QTNF6/BEX1/BEX2/IRS4/RFC3/SPART/DCLK1/CHRM3/SYT4/VSTM2L/SYT11/PCNA/SNAP25/RIDA/SERPINF1/RPA1/RAP1GAP2/TRIM22/TRIM5/TOP2A/IL13RA1/MAP1B/ANO1/ACLY/KIF3A/SH3BP5/RAB11FIP4/C1QL1/EPS8L1/PLXNA3/ASS1/LAMA5/COL5A1/OLFM1/SULT4A1/HRC/UNC13A/FCHO1/BST2/APOE/DOCK6/SYT5/SHC2/MAP7D3/MIS18BP1/AJUBA/RAB2B/CDKN2D/PIMREG/KCNC1/MINDY2/TMOD2/MYO5C/GAD1/SMO/VGF/DOCK4/MCHR1/YWHAH/CHTF18/TMEM175/FGFRL1/TMEM35A/AIF1L/DLGAP5/RHOJ/IFI6/RRAS/ID1/FAM110A/MGME1/PCSK2/FLRT3/BMP2/NAPB/RTN2/BMP4/EFNB2/DOK4/MT2A/AHNAK/RIOK1/GLO1/HIF3A/NAGK/PARD6B/SDC4/OBSL1/CKS2/RAB38/HJURP/STIL/CDK2/OPTN/CENPK/ZWINT/ARL4A/LDB3/ANXA11/SV2C/CXCR4/MAPK8IP1/KIF18A/NCAPH/TRIM25/RDH10/ADRA1A/SORBS3/DUSP4/PLXDC2/GRIA2/DUSP1/HELLS/CNRIP1/KLHL29/LTBP2/NPC2/VSX2/ELL2/OLFM3/CCN2/SGK1/CNR1/KIF14/CENPF/PROX1/NEK2/STMN1/PRDX6/SLC19A2/CDC20/SLC2A1/CDK18/SSX2IP/RIMS3/KIF21B/RGS2/GADD45A/ARHGEF2/DLGAP3/PARD3B/EPHA4/ATP6V1B1/DLX2/IGFBP5/FN1/EVA1A/GRB14/APC2/CYTIP/ABHD14B/MAPKAPK3/PODXL2/ECT2/HES1/WNT5A/BCHE/KAT2B/BCL6/SMC4/STC2/PDGFRB/DPYSL3/LNPEP/CDH6/RASGRF2/SPARC/APBB3/MRPS27/KIF20A/DAP/MAN2A1/TTK/COX7A2/DNPH1/MDFI/COL9A1/MCM3/SASH1/RIPOR2/TPD52L1/SERINC1/NEDD9/ST8SIA1/CDCA3/TIMELESS/TBC1D30/RAD51AP1/PRMT8/FOXM1/ACSS3/KRT18/LIN7A/MLEC/ASIC1/PTPN5/MDK/ARHGEF17/TMEM109/CCND1/B3GAT1/CRYAB/UGDH/STIM2/CDR2L/MMD/HLF/MPP2/RND2/COL1A1/CYTH1/B9D1/SYNGR2/RUNDC3A/CRYBA1/DNAJC12/SORCS1/MAP3K8/SFXN3/ACTA2/SPOCK2/GATA3/RAPGEF1/GLIS3/PIP5K1B/NCS1/ELAVL2/CORO2A/LHX2/GCK/AEBP1/GLI3/AHR/NPTX2/HSPB1/GARS1/STX1A/MET/TFEC/PALS2/PON2/CDK6/ERF/ISYNA1/RAB3A/MAST1/PLEKHA4/HAS1/PLA2G4C/ATP1A3/NAPA/ETFB/PLIN3/APLP1/FSD1/SHD/MED25/FCGRT/TUBB4A/MCM4/NEFM/STMN2/GDAP1/STK3/CA2/SCG3/DMXL2/CEP152/HOMER2/TTC23/CORO2B/QPRT/METRN/SLC7A5/SLC7A6/SMPD3/NDRG4/FGF9/KLF5/TIMP1/PLS3/SYP/ATG4A/SYNDIG1/MAP1LC3A/FAM83D/AHCY/KIF3B/PAK5/MYL9/SNPH/RNF24/EEF1A2/CHRNA4/ARFGAP1/BMP7/RIMS4/GINS1/LGMN/DAAM1/POLE2/RBFOX2/CABP7/MCM5/SEPTIN3/MICALL1/CRYBB1/CRYBB3/ARVCF/GADD45B/CBARP/STX1B/PALMD/NRP1/ACOT7/TMEM14A/MYO3A/BAMBI/SH2D3C/DHPS/ADA2/TGFB2/DPYSL2/COL9A3/SNAP23/SLC7A8/JPH4/HAUS4/CD200/RGS17/MAP3K20/RAPGEF4/ITGA6/EXOC1/PITPNM2/KIF4A/BLVRB/LTBP4/RCOR1/NECAP1/BIRC5/CHGB/KIF16B/TPX2/PIR/AURKA/PHACTR3/GNAO1/ACHE/TRIP6/HSD17B14/MTMR2/B4GALT1/CD82/KIF3C/NKAIN1/REST/FAT1/PLOD1/COBLL1/PHLPP1/CDH7/NDC80/CHRNA3/SLC4A4/CRYBG3/RIMS1/CARMIL1/KIF22/PAFAH1B3/CDC14A/RUNX1T1/MAP2/FBLN1/FGFR1/JADE1/DCX/PAK3/CTTNBP2/GPC4/TPD52/SPAG5/PLXNA2/MCM6/WDR62/PLD1/CACNG4/RASAL2/ADD2/SEMA3C/GTSE1/KCNQ2/SNCB/TEAD2/PPP2R2C/NOTCH3/GLI2/MAP3K13/ADAM11/CLCN4/MCM2/CRMP1/HMMR/ASIC4/CYBRD1/RPS6KA2/MAP4K4/EPHA8/CAMK2A/POLB/SDK2/PPP2R5B/FGFR3/CACNB1/EML1/MPPED2/ASPM/CTNNA2/PRKCQ/CNN2/SLC12A2/CDON/ATP2C2/LZTS1/YBX3/PSD/MTA3/SOAT1/DCBLD2/CYFIP2/KCNH2/ATP9A/PTPRN/FSTL4/COL23A1/DKK3/COL9A2/HDAC9/DSG2/MYO16/VCAN/TMSB10/GAB2/SARS1/GRN/TBPL1/VRK2/AGPAT4/VIM/DEPDC1/SNAPC1/NRXN3/SYT13/PRDM11/ATP1A2/WWTR1/CNTN1/ISL1/STMN4/BID/TACC3/CLDN11/GABRA3/ANLN/SYT7/PTBP1/ANOS1/MRC2/FYN/NCAPD2/CD9/MAPK8IP2/CRY1/MGST1/CELSR3/SYPL1/TFAP2D/SYN1/PROM1/ETV1/TMEM132A/ABCC8/LAMP2/PRKAR2B/LIG3/MTMR7/HECW1/TSPAN6
GO:0005549	odorant binding	0	0/1674	
GO:0008289	lipid binding	77	77/1674	LYN/ECI2/LPAR1/ANXA6/CPNE4/SESTD1/PDIA2/CPNE7/AMER3/SPHK1/GAP43/CDK5R2/S1PR1/MTSS1/BSCL2/AXL/CRABP1/PACSIN3/MELK/STARD4/ANXA5/CADPS/FZD5/SNX7/SPTBN4/EPB41/LDLRAP1/FZD7/THY1/SYTL5/PSD2/IQGAP2/MYO10/MANF/SYT14/MAP1LC3B/MFGE8/SYT16/GLTP/PHLDA1/CPNE8/GABARAPL1/MYOF/THBS1/ANXA1/SYT4/SYT11/SNAP25/MAP1B/UNC13A/APOE/SYT5/TMEM175/ANXA11/NPC2/PARD3B/WNT5A/CYTH1/PLEKHA4/PLA2G4C/ATP1A3/SMPD3/SYP/MAP1LC3A/MICALL1/ACOT7/EXOC1/PITPNM2/KIF16B/PLD1/PSD/SOAT1/GAB2/SYT13/ATP1A2/SYT7/PROM1
GO:0008430	selenium binding	2	2/1674	SELENOP/SELENBP1
GO:0015643	toxic substance binding	1	1/1674	ASS1
GO:0019808	polyamine binding	0	0/1674	
GO:0030246	carbohydrate binding	22	22/1674	CLEC19A/LAYN/CNTN2/DCDC1/EVA1C/COLEC12/GALNT14/PLOD2/NCAN/MAN2A1/COL9A1/MLEC/GALNT18/GCK/NPTX2/P3H2/PLOD1/CRYBG3/H6PD/VCAN/CNTN1/MRC2
GO:0031409	pigment binding	0	0/1674	
GO:0033218	amide binding	38	38/1674	TUBB3/ECI2/COL25A1/SSTR2/TYMS/CLTB/NLGN1/ITGA2/FZD5/LDLRAP1/CABP1/LRP8/GRIA1/CACNA1B/HSPG2/CACNA1A/FKBP10/MAP1LC3B/GLTP/LHCGR/APOE/MCHR1/NLN/GRIA2/DLGAP3/EPHA4/BCHE/LNPEP/APBB3/CRYAB/ATP1A3/SLC7A5/ACOT7/TGFB2/SLC7A8/ACHE/SOAT1/MAPK8IP2
GO:0033226	2-aminoethylphosphonate binding	0	0/1674	
GO:0035731	dinitrosyl-iron complex binding	0	0/1674	
GO:0036094	small molecule binding	233	233/1674	TUBB3/LYN/ERCC6/TGM2/ECI2/ATL1/RPS6KL1/DNM3/MYO5A/BLM/ANXA6/XRCC2/EPHB4/SBK1/FANCM/AKR1C1/KIF24/KIF18B/SYN3/PRKG1/ARL15/SEPTIN5/PDE4B/PRKD1/FIGN/RAD51B/CHST15/TH/AURKB/ERBB4/ST8SIA3/ZBTB38/TYMS/MYO1D/DIRAS1/SPHK1/TUBB6/RAB6A/UBE2C/PLK3/RAB37/CARNS1/SUCLG2/PIK3CD/CXXC5/CDK1/ANKK1/BUB1/KCNAB1/RAB3B/CXXC4/RAB31/KIF5C/PBK/TK1/AXL/TUBA1C/TUBA1A/IRGQ/MYO5B/ACSF2/PLK1/CRABP1/RAB8B/CRYL1/MELK/ALDH1A1/ADCY1/STARD4/CAMKV/BDH2/PKDCC/DHRS3/BRSK1/COLEC12/DGKI/NMNAT2/BUB1B/ATAD2/KIF5A/ADCY8/RHOC/MOV10/EPHB1/RAB6B/LRRK1/DDAH1/MERTK/PLOD2/RAB3C/GPD1L/PDK1/ACSL1/AKR1C2/NEK7/LATS2/SESN3/MKI67/CACNA1B/NTRK2/EGFR/TTBK1/GFOD1/PLK2/MYO10/EPHA5/DYNC1LI1/ABCA12/ARL8A/RAB13/ATP8B2/XPR1/ALDH9A1/KIF2C/MYO1F/ERBB2/GFOD2/REM2/CSAD/CENPE/BMPR1B/KIF11/TTLL7/KIF23/TUBB2B/TUBB2A/BRIP1/MICAL1/AGAP2/PDGFRA/STK26/RAB33A/SWAP70/DCLK1/TOP2A/ACLY/KIF3A/ASS1/RAB2B/MYO5C/GAD1/CHTF18/TMEM175/RHOJ/RRAS/RIOK1/NAGK/RAB38/CDK2/ARL4A/CXCR4/KIF18A/HELLS/NPC2/SGK1/KIF14/NEK2/CDK18/KIF21B/EPHA4/ATP6V1B1/MAPKAPK3/SMC4/PDGFRB/KIF20A/TTK/MCM3/ACSS3/MDK/P2RX3/UGDH/RND2/MAP3K8/ACTA2/PIP5K1B/AK1/GCK/GARS1/MET/CDK6/RAB3A/MAST1/ATP1A3/TUBB4A/MCM4/STK3/SLC7A6/SYP/KIF3B/PAK5/EEF1A2/MCM5/SEPTIN3/ACOT7/MYO3A/MAP3K20/RAPGEF4/KIF4A/P3H2/KIF16B/AURKA/GNAO1/KIF3C/PLOD1/KIF22/FGFR1/PAK3/MCM6/MAP3K13/CLCN4/MCM2/RPS6KA2/MAP4K4/EPHA8/CAMK2A/FGFR3/MPPED2/PRKCQ/ATP2C2/SOAT1/ATP9A/H6PD/MYO16/SARS1/VRK2/ATP1A2/FYN/CRY1/SYN1/PROM1/ABCC8/PRKAR2B/LIG3
GO:0042165	neurotransmitter binding	6	6/1674	CHRNB2/CHRNB3/CHRM3/CHRNA4/ACHE/CHRNA3
GO:0042562	hormone binding	6	6/1674	ALDH1A1/EGFR/LHCGR/MCHR1/ATP1A3/ATP1A2
GO:0043167	ion binding	491	491/1674	NOTCH2NLC/TUBB3/LYN/PDXP/PCDHGC3/ERCC6/SCRT2/DPF3/CFI/COL5A2/RORB/TGM2/DMD/SMOC1/ECI2/CALM1/MMP17/ATL1/CACNA1E/RPS6KL1/LPAR1/CHSY3/DNM3/ZNF71/MYO5A/BLM/ANXA6/ADA/COL27A1/XRCC2/SULF2/EPHB4/CPNE4/FAT4/PCDH18/LITAF/SBK1/DNER/FANCM/SESTD1/AKR1C1/SLIT1/KIF24/MYT1L/ZNRF1/KIF18B/SYN3/ZFP36L1/PRKG1/ARL15/CIB1/SIVA1/SEPTIN5/PDE4B/PROS1/SLIT3/PRKD1/PCDH9/MEX3B/FIGN/KCNA4/RAD51B/CHST15/ADO/PLAG1/ZNF467/PJA1/TH/NRXN1/AURKB/CPNE7/ZHX2/ERBB4/AMER3/CRACR2B/ST8SIA3/NR2C2/ZBTB38/TYMS/CDK5R1/MYO1D/RNF152/DIRAS1/SPHK1/TUBB6/NR2F1/RAB6A/UBE2C/ZCCHC12/MSRB3/PLK3/NUDT4/INSM1/SNCG/ABLIM3/BNC2/RAB37/EFEMP2/CARNS1/SUCLG2/GAP43/RRM2/PIK3CD/CXXC5/ECEL1/PDE7B/KCND3/ZNF804A/SMAD1/CDK1/ANKK1/TRIM56/PCDH7/BUB1/KCNAB1/RAB3B/CXXC4/RAB31/KIF5C/PBK/LTBP3/TK1/MGAT5B/NUDT8/AXL/TUBA1C/TUBA1A/IRGQ/MYO5B/ACSF2/SMAD3/PLK1/ZMAT1/CRABP1/FBN1/RAB8B/CRYL1/PGM2L1/ZCCHC24/MELK/ADCY1/COL1A2/STEAP1/EBF1/ITGA2/ANXA5/CAMKV/BSN/ABLIM2/FYCO1/ADAMTS9/CADPS/FSTL1/S100A11/PKDCC/MEGF6/ZNF385A/ZNF382/CHRNB2/BRSK1/SCUBE1/COLEC12/GALNT14/LDLRAP1/CABP1/DGKI/MMP14/LRP8/SLC6A1/NMNAT2/BUB1B/ATAD2/KIF5A/ADCY8/FZD7/RHOC/MOV10/EPHB1/RAB6B/ADAMTS1/PGM5/LRRK1/DDAH1/MERTK/ZIC1/PLOD2/RAB3C/ZNF117/UTRN/PRDM8/MBNL1/ZFP36L2/PDK1/ACSL1/AKR1C2/NEK7/SEC24D/LATS2/DRD2/SESN3/MKI67/POLR3A/CACNA1B/NTRK2/CHRNB3/SYTL5/EGFR/CREB5/TTBK1/SCUBE3/ADAMTS19/IQGAP2/PLK2/MYO10/EPHA5/SLIT2/DYNC1LI1/MARCHF4/CTDSP1/ABCA12/CALM2/ARL8A/RAB13/ATP8B2/XPR1/KIF2C/HSPG2/EFHD2/PRDM16/MYO1F/WTIP/CACNA1A/FKBP10/ERBB2/ARK2C/ASXL3/RHBDL3/CDH11/REM2/MBNL2/CSAD/GLTP/COL2A1/CPNE8/FBN2/CENPE/BMPR1B/COX17/PLCE1/KIF11/MYOF/CYP1B1/ARHGAP29/TTLL7/ADAM10/SMAD6/KIF23/THBS1/SULF1/TUBB2B/TUBB2A/BRIP1/MICAL1/AGAP2/ANXA1/PDGFRA/PHC2/STK26/RAB33A/LRP4/CRB1/NOTCH2/SWAP70/DCLK1/CHRM3/SYT4/SYT11/RPA1/TRIM22/TRIM5/ENOSF1/TOP2A/ANO1/ACAP3/ACLY/KIF3A/RAB11FIP4/ASS1/COL5A1/HRC/UNC13A/NCAN/APOE/SYT5/AJUBA/RAB2B/MYO5C/GAD1/CHTF18/TMEM175/AIF1L/RHOJ/RRAS/DTD1/SLC2A4RG/MT2A/RIOK1/RREB1/GLO1/NAGK/RAB38/CDK2/OPTN/NLN/ARL4A/LDB3/ANXA11/CPXM2/KIF18A/PDZRN3/TRIM25/HELLS/LTBP2/TRIM67/SGK1/CA14/KIF14/NEK2/CDK18/KIF21B/ARHGEF2/EPHA4/ATP6V1B1/EFHD1/GPD2/PLCH1/MAPKAPK3/BCHE/BCL6/SMC4/PDGFRB/LNPEP/CDH6/SPARC/KIF20A/MAN2A1/TTK/COL9A1/MCM3/PRMT8/ACSS3/MDK/GALNT18/P2RX3/B3GAT1/CRYAB/STIM2/NEIL3/CPZ/RND2/COL1A1/EBF3/MAP3K8/ACTA2/SPOCK2/GATA3/GLIS3/PIP5K1B/NCS1/AK1/LHX2/GCK/AEBP1/GLI3/NPTX2/GARS1/MET/PON2/CDK6/RAB3A/MAST1/PLEKHA4/PLA2G4C/ATP1A3/APLP1/TUBB4A/MCM4/STK3/CA2/SLC7A6/SMPD3/KLF5/PCDH11X/TIMP1/PLS3/KIF3B/PAK5/MYL9/RNF24/EEF1A2/CHRNA4/ARFGAP1/PRORP/CABP7/MCM5/SEPTIN3/MICALL1/MFNG/NRP1/ACOT7/MYO3A/ADA2/MAP3K20/RAPGEF4/ITGA6/EXOC1/PITPNM2/KIF4A/P3H2/LTBP4/BIRC5/HEPH/KIF16B/CPXM1/PIR/AURKA/GNAO1/ACHE/TRIP6/B4GALT1/KIF3C/REST/FAT1/PLOD1/PHLPP1/CDH7/CHRNA3/RIMS1/KIF22/RUNX1T1/PKD2L2/FBLN1/FGFR1/JADE1/PAK3/TPD52/REXO2/MCM6/CELSR1/SNCB/NOTCH3/GLI2/MAP3K13/CLCN4/MCM2/CYBRD1/RPS6KA2/MAP4K4/EPHA8/CAMK2A/POLB/FGFR3/EML1/MPPED2/PRKCQ/ATP2C2/MTA3/SOAT1/ATP9A/FSTL4/HDAC9/DSG2/ZIC2/MYO16/VCAN/GAB2/SARS1/VRK2/NRXN3/SYT13/ATP1A2/ISL1/SYT7/FYN/CRY1/CELSR3/SYN1/ABCC8/ZNF195/PRKAR2B/LIG3
GO:0043176	amine binding	0	0/1674	
GO:0043287	poly(3-hydroxyalkanoate) binding	0	0/1674	
GO:0043515	kinetochore binding	3	3/1674	CENPH/CENPE/TTK
GO:0044590	iron-sulfur-molybdenum cofactor binding	0	0/1674	
GO:0044877	protein-containing complex binding	183	183/1674	NEFL/FRRS1L/LYN/ERCC6/ADGRG1/HMGN2/SCAMP5/TPM2/RPL23A/HMGN5/MYO5A/ANXA6/FLNA/H1-2/FANCM/SAMD11/TSPYL4/MITF/P4HB/KCNH7/H1-5/CDK5R1/MYO1D/FOSL1/INSM1/ABLIM3/SUCLG2/LAMB2/FRMD5/KRT8/CDK1/CRTAP/ONECUT1/IRS1/CHAF1A/TUBA1A/CDT1/MYO5B/IGF2/SAMD14/SMAD3/PLK1/PCLAF/FBN1/CITED2/CASP3/ITGA2/ABLIM2/FZD5/NEXN/NFIA/PLPP3/CHRNB2/SPTBN4/ATP6V0D1/EPB41/DMTN/ELK4/COLEC12/WASF2/LDLRAP1/MMP14/LRP8/ATAD2/GRIA1/EPHB1/CXADR/THY1/UTRN/PRDM8/SACS/POU4F2/ANK3/FOXO1/HMGA2/DRD2/SERPINH1/TCF7L2/ADD3/POLR3A/CDCA5/EGFR/IQGAP2/MYO10/SFRP2/SETD7/TAGLN3/NUF2/CCN1/HSPG2/MYO1F/P3H4/ASXL3/MFGE8/TPM1/FOXN4/LUM/SHROOM3/ITPRID2/ADAM10/SMAD6/THBS1/YAP1/TFAP2A/BRIP1/MICAL1/PDGFRA/PHC2/DDB2/FST/IRS4/PCNA/TOP2A/MAP1B/KIF3A/EPS8L1/LAMA5/COL5A1/FCHO1/APOE/AJUBA/MYO5C/AIF1L/RRAS/CKS2/RAB38/ANXA11/NCAPH/HELLS/CCN2/CENPF/CDC20/GADD45A/ATP6V1B1/DLX2/FN1/HES1/KAT2B/BCL6/SMC4/SPARC/MRPS27/CRYAB/NEIL3/CORO2A/LHX2/AEBP1/GLI3/AHR/NAPA/FCGRT/CORO2B/PLS3/KIF3B/MAP3K20/ITGA6/LTBP4/RCOR1/GNAO1/ACHE/REST/CARMIL1/PAFAH1B3/FBLN1/ACTL6B/ADD2/GLI2/MAP3K13/ADAM11/CTNNA2/CNN2/YBX3/MTA3/PTPRN/ZIC2/MYO16/VIM/PRDM11/ISL1/MRC2/CD9/MAPK8IP2/ABCC8
GO:0046790	virion binding	0	0/1674	
GO:0046812	host cell surface binding	0	0/1674	
GO:0046848	hydroxyapatite binding	0	0/1674	
GO:0048038	quinone binding	0	0/1674	
GO:0050436	microfibril binding	1	1/1674	LTBP2
GO:0050825	ice binding	0	0/1674	
GO:0050840	extracellular matrix binding	11	11/1674	ADGRG1/SMOC1/BCAM/ITGA2/SLIT2/CCN1/THBS1/SPARC/SPOCK2/ITGA6/ACHE
GO:0050997	quaternary ammonium group binding	8	8/1674	CHRNB2/CHRNB3/CHRM3/BCHE/CHRNA4/PITPNM2/ACHE/CHRNA3
GO:0051192	prosthetic group binding	0	0/1674	
GO:0051540	metal cluster binding	2	2/1674	BRIP1/KIF4A
GO:0070025	carbon monoxide binding	0	0/1674	
GO:0070026	nitric oxide binding	0	0/1674	
GO:0072328	alkene binding	0	0/1674	
GO:0072341	modified amino acid binding	13	13/1674	ANXA6/TYMS/GAP43/AXL/ANXA5/MFGE8/THBS1/SYT4/SYT11/SYT5/SMPD3/SYT13/SYT7
GO:0097159	organic cyclic compound binding	426	426/1674	H3C2/NBPF10/TUBB3/LYN/ERCC6/MIAT/SCRT2/MXD3/MIR125B1/OLIG2/ONECUT3/RORB/TGM2/HMGN2/ECI2/ATL1/RPL23A/RPS6KL1/HMGN5/DNM3/ZNF71/MYO5A/BLM/ANXA6/FLNA/XRCC2/EPHB4/ELAVL3/TMEM63A/LITAF/FBLL1/H2AX/SBK1/H1-2/FANCM/MITF/KIF24/MYT1L/KIF18B/POU3F1/SYN3/ZFP36L1/PBX1/P4HB/PDIA2/PRKG1/ARL15/SEPTIN5/PDE4B/SOCS3/H1-5/PRKD1/PCBP3/MEX3B/FIGN/RAD51B/CREB3L2/CHST15/PLAG1/SOX2/ZNF467/NQO1/TH/ATOH7/AURKB/ZHX2/MAF/ERBB4/SRRM3/NHLH2/NR2C2/TGIF1/ZBTB38/TYMS/BASP1/MYO1D/DIRAS1/SPHK1/TUBB6/NR2F1/RMI2/FOSL1/RAB6A/UBE2C/ZCCHC12/PLK3/NUDT4/INSM1/BNC2/RAB37/CARNS1/RCAN2/SUCLG2/BCL2/NHLH1/PIK3CD/CXXC5/SMAD1/CDK1/ANKK1/TRIM56/ONECUT1/BUB1/KCNAB1/RAB3B/CXXC4/RAB31/KIF5C/PBK/TK1/AXL/TUBA1C/TUBA1A/CDT1/IRGQ/MYO5B/RBFOX3/ACSF2/SMAD3/STAT6/PLK1/TERF2IP/FAM111A/ZMAT1/RAB8B/CASP7/OTX2/CRYL1/ZCCHC24/MELK/ALDH1A1/ADCY1/STEAP1/EBF1/STARD4/HMGB2/CAMKV/BDH2/RPL22L1/PKDCC/ATF3/NFIA/DHRS3/BEND5/ZNF385A/ZNF382/CELF5/BRSK1/CELF3/ELK4/DGKI/NMNAT2/BUB1B/ATAD2/KIF5A/ADCY8/LSM11/PDIA4/RHOC/MOV10/EPHB1/RAB6B/LRRK1/MERTK/ZIC1/JAKMIP1/PLOD2/RAB3C/ZNF117/PRDM8/GPD1L/MBNL1/ZFP36L2/PDK1/ACSL1/POU4F2/NEK7/NPAS3/FOXO1/PDCD4/LATS2/ARID5B/HMGA2/DRD2/SERPINH1/MKI67/TCF7L2/ANKRD1/POLR3A/CACNA1B/NTRK2/NFIB/EGFR/CREB5/MMS22L/TTBK1/GFOD1/PLK2/MYO10/EPHA5/MANF/CSRNP1/DYNC1LI1/ABCA12/AFF3/ARL8A/C1orf131/RAB13/ATP8B2/BARHL2/KIF2C/PRDM16/MYO1F/NFIC/FKBP10/ERBB2/SLC16A3/ASXL3/GFOD2/REM2/MBNL2/SRRM4/CSAD/BRCA2/FOXN4/ETV6/CENPE/BMPR1B/KIF11/CYP1B1/TTLL7/SMAD6/KIF23/NUSAP1/YAP1/TUBB2B/TUBB2A/TFAP2A/DSCC1/STXBP1/DNAJC1/BRIP1/MICAL1/AGAP2/PDGFRA/PHC2/STK26/RAB33A/DDB2/MYCN/MEIS2/BHLHE40/SWAP70/E2F5/RFC3/DCLK1/PCNA/RIDA/RPA1/TOP2A/ACLY/KIF3A/ASS1/BST2/MIS18BP1/RAB2B/MYO5C/GAD1/CHTF18/RHOJ/DACH2/RRAS/DTD1/SLC2A4RG/AHNAK/RIOK1/RREB1/HIF3A/NAGK/RAB38/HJURP/CDK2/BICC1/ARL4A/ANXA11/KIF18A/TRIM25/HELLS/NPC2/VSX2/ONECUT2/ELL2/TGIF2/SGK1/KIF14/PROX1/NEK2/CDK18/KIF21B/ELAPOR1/EPHA4/ATP6V1B1/DLX2/MAPKAPK3/HES1/KAT2B/BCL6/SMC4/STC2/PDGFRB/MRPS27/KIF20A/TTK/MCM3/TIMELESS/RAD51AP1/FOXM1/ACSS3/KRT18/P2RX3/UGDH/NEIL3/HLF/RND2/EBF3/MAP3K8/ACTA2/GATA3/GLIS3/PIP5K1B/ELAVL2/AK1/LHX2/GCK/AEBP1/GLI3/AHR/HSPB1/GARS1/MET/TFEC/CDK6/ERF/RAB3A/MAST1/ATP1A3/NOVA2/TUBB4A/MCM4/STK3/SCG3/KLF5/SYP/CELF4/KIF3B/PAK5/EEF1A2/POLE2/RBFOX2/MCM5/SEPTIN3/ACOT7/MYO3A/MAP3K20/RAPGEF4/KIF4A/P3H2/PCBP4/KIF16B/AURKA/GNAO1/TRIP6/KIF3C/REST/PLOD1/RIMS1/KIF22/RUNX1T1/FGFR1/PAK3/REXO2/MCM6/FNDC3B/TEAD2/GLI2/MAP3K13/CLCN4/MCM2/RPS6KA2/MAP4K4/EPHA8/CAMK2A/POLB/FGFR3/MPPED2/PRKCQ/ATP2C2/YBX3/MTA3/SOAT1/KCNH2/ATP9A/H6PD/ZIC2/MYO16/SARS1/GRN/TBPL1/POU2F2/VRK2/RNASET2/VIM/SNAPC1/ATP1A2/ISL1/PTBP1/FYN/CRY1/TFAP2D/SYN1/PROM1/ETV1/ABCC8/ZNF195/PRKAR2B/LIG3
GO:0097243	flavonoid binding	0	0/1674	
GO:0097367	carbohydrate derivative binding	243	243/1674	TUBB3/LYN/ERCC6/ADGRG1/LAYN/TGM2/SMOC1/ECI2/ATL1/RPS6KL1/LPAR1/DNM3/MYO5A/BLM/ANXA6/XRCC2/SULF2/EPHB4/COL25A1/SBK1/FANCM/SLIT1/KIF24/KIF18B/SYN3/PRKG1/ARL15/SEPTIN5/PDE4B/SLIT3/PRKD1/FIGN/RAD51B/CHST15/GREM2/AURKB/ERBB4/ST8SIA3/MYO1D/DIRAS1/SPHK1/TUBB6/RAB6A/UBE2C/PLK3/RAB37/EFEMP2/CARNS1/SUCLG2/GAP43/PIK3CD/CDK1/ANKK1/BUB1/RAB3B/RAB31/KIF5C/PBK/TK1/AXL/TUBA1C/TUBA1A/IRGQ/MYO5B/ACSF2/EVA1C/PLK1/FBN1/RAB8B/MELK/ADCY1/ITGA2/CAMKV/FSTL1/PKDCC/BRSK1/DGKI/NMNAT2/BUB1B/ATAD2/KIF5A/ADCY8/RHOC/MOV10/EPHB1/RAB6B/ADAMTS1/LRRK1/THY1/MERTK/RAB3C/PDK1/ACSL1/NEK7/LATS2/MKI67/CACNA1B/NTRK2/EGFR/TTBK1/PLK2/MYO10/EPHA5/SLIT2/MANF/DYNC1LI1/ABCA12/ARL8A/RAB13/ATP8B2/KIF2C/CCN1/MYO1F/ERBB2/REM2/GLTP/COL2A1/CENPE/BMPR1B/KIF11/TTLL7/KIF23/THBS1/SULF1/TUBB2B/TUBB2A/BRIP1/AGAP2/PDGFRA/STK26/RAB33A/FST/SWAP70/DCLK1/TOP2A/ACLY/KIF3A/ASS1/COL5A1/NCAN/APOE/RAB2B/MYO5C/CHTF18/FGFRL1/RHOJ/RRAS/BMP4/RIOK1/NAGK/RAB38/CDK2/ARL4A/KIF18A/HELLS/LTBP2/CCN2/SGK1/KIF14/NEK2/CDK18/KIF21B/EPHA4/ATP6V1B1/FN1/MAPKAPK3/PODXL2/SMC4/PDGFRB/DPYSL3/KIF20A/TTK/MCM3/ACSS3/MDK/P2RX3/RND2/MAP3K8/ACTA2/SPOCK2/PIP5K1B/AK1/GCK/GARS1/MET/CDK6/RAB3A/MAST1/ATP1A3/APLP1/TUBB4A/MCM4/STK3/FGF9/KIF3B/PAK5/EEF1A2/BMP7/MCM5/SEPTIN3/NRP1/ACOT7/MYO3A/ADA2/CD200/MAP3K20/RAPGEF4/KIF4A/LTBP4/KIF16B/AURKA/GNAO1/KIF3C/KIF22/FGFR1/PAK3/MCM6/MAP3K13/CLCN4/MCM2/HMMR/RPS6KA2/MAP4K4/EPHA8/CAMK2A/FGFR3/MPPED2/PRKCQ/ATP2C2/SOAT1/ATP9A/COL23A1/MYO16/VCAN/SARS1/VRK2/ATP1A2/ANOS1/FYN/SYN1/ABCC8/PRKAR2B/LIG3
GO:0140272	exogenous protein binding	11	11/1674	SIVA1/CDK1/AXL/ITGA2/CLDN1/CXADR/EGFR/XPR1/SLC7A1/EFNB2/CXCR4
GO:0140355	cargo receptor ligand activity	0	0/1674	
GO:1901363	heterocyclic compound binding	423	423/1674	H3C2/NBPF10/TUBB3/LYN/ERCC6/MIAT/SCRT2/MXD3/MIR125B1/OLIG2/ONECUT3/RORB/TGM2/HMGN2/ECI2/ATL1/RPL23A/RPS6KL1/HMGN5/DNM3/ZNF71/MYO5A/BLM/ANXA6/FLNA/XRCC2/EPHB4/ELAVL3/TMEM63A/LITAF/FBLL1/H2AX/SBK1/H1-2/FANCM/MITF/KIF24/MYT1L/KIF18B/POU3F1/SYN3/ZFP36L1/PBX1/P4HB/PRKG1/ARL15/SEPTIN5/PDE4B/SOCS3/H1-5/PRKD1/PCBP3/MEX3B/FIGN/RAD51B/CREB3L2/CHST15/PLAG1/SOX2/ZNF467/NQO1/TH/ATOH7/AURKB/ZHX2/MAF/ERBB4/SRRM3/NHLH2/NR2C2/TGIF1/ZBTB38/TYMS/BASP1/MYO1D/DIRAS1/SPHK1/TUBB6/NR2F1/RMI2/FOSL1/RAB6A/UBE2C/ZCCHC12/PLK3/NUDT4/INSM1/BNC2/RAB37/CARNS1/RCAN2/SUCLG2/BCL2/NHLH1/PIK3CD/CXXC5/SMAD1/CDK1/ANKK1/TRIM56/ONECUT1/BUB1/KCNAB1/RAB3B/CXXC4/RAB31/KIF5C/PBK/TK1/AXL/TUBA1C/TUBA1A/CDT1/IRGQ/MYO5B/RBFOX3/ACSF2/SMAD3/STAT6/PLK1/TERF2IP/FAM111A/ZMAT1/RAB8B/CASP7/OTX2/CRYL1/ZCCHC24/MELK/ALDH1A1/ADCY1/STEAP1/EBF1/HMGB2/CAMKV/BDH2/RPL22L1/PKDCC/ATF3/NFIA/DHRS3/BEND5/ZNF385A/ZNF382/CELF5/CHRNB2/BRSK1/CELF3/ELK4/DGKI/NMNAT2/BUB1B/ATAD2/KIF5A/ADCY8/LSM11/PDIA4/RHOC/MOV10/EPHB1/RAB6B/LRRK1/MERTK/ZIC1/JAKMIP1/PLOD2/RAB3C/ZNF117/PRDM8/GPD1L/MBNL1/ZFP36L2/PDK1/ACSL1/POU4F2/NEK7/NPAS3/FOXO1/PDCD4/LATS2/ARID5B/HMGA2/DRD2/SERPINH1/MKI67/TCF7L2/ANKRD1/POLR3A/CACNA1B/NTRK2/NFIB/CHRNB3/EGFR/CREB5/MMS22L/TTBK1/GFOD1/PLK2/MYO10/EPHA5/MANF/CSRNP1/DYNC1LI1/ABCA12/AFF3/ARL8A/C1orf131/RAB13/ATP8B2/BARHL2/KIF2C/PRDM16/MYO1F/NFIC/FKBP10/ERBB2/SLC16A3/ASXL3/GFOD2/REM2/MBNL2/SRRM4/CSAD/BRCA2/FOXN4/ETV6/CENPE/BMPR1B/KIF11/CYP1B1/TTLL7/SMAD6/KIF23/NUSAP1/YAP1/TUBB2B/TUBB2A/TFAP2A/DSCC1/STXBP1/DNAJC1/BRIP1/MICAL1/AGAP2/PDGFRA/PHC2/STK26/RAB33A/DDB2/MYCN/MEIS2/BHLHE40/SWAP70/E2F5/RFC3/DCLK1/PCNA/RIDA/RPA1/TOP2A/ACLY/KIF3A/ASS1/BST2/MIS18BP1/RAB2B/MYO5C/GAD1/CHTF18/RHOJ/DACH2/RRAS/DTD1/SLC2A4RG/AHNAK/RIOK1/RREB1/HIF3A/NAGK/RAB38/HJURP/CDK2/BICC1/ARL4A/ANXA11/KIF18A/TRIM25/HELLS/VSX2/ONECUT2/ELL2/TGIF2/SGK1/KIF14/PROX1/NEK2/CDK18/KIF21B/ELAPOR1/EPHA4/ATP6V1B1/DLX2/MAPKAPK3/HES1/KAT2B/BCL6/SMC4/STC2/PDGFRB/MRPS27/KIF20A/TTK/MCM3/TIMELESS/RAD51AP1/FOXM1/ACSS3/KRT18/P2RX3/UGDH/NEIL3/HLF/RND2/EBF3/MAP3K8/ACTA2/GATA3/GLIS3/PIP5K1B/ELAVL2/AK1/LHX2/GCK/AEBP1/GLI3/AHR/HSPB1/GARS1/MET/TFEC/CDK6/ERF/RAB3A/MAST1/ATP1A3/NOVA2/TUBB4A/MCM4/STK3/SCG3/KLF5/CELF4/KIF3B/PAK5/EEF1A2/POLE2/RBFOX2/MCM5/SEPTIN3/ACOT7/MYO3A/MAP3K20/RAPGEF4/KIF4A/P3H2/PCBP4/KIF16B/AURKA/GNAO1/TRIP6/KIF3C/REST/PLOD1/RIMS1/KIF22/RUNX1T1/FGFR1/PAK3/REXO2/MCM6/FNDC3B/TEAD2/GLI2/MAP3K13/CLCN4/MCM2/RPS6KA2/MAP4K4/EPHA8/CAMK2A/POLB/FGFR3/MPPED2/PRKCQ/ATP2C2/YBX3/MTA3/SOAT1/KCNH2/ATP9A/H6PD/ZIC2/MYO16/SARS1/GRN/TBPL1/POU2F2/VRK2/RNASET2/VIM/SNAPC1/ATP1A2/ISL1/PTBP1/FYN/CRY1/TFAP2D/SYN1/ETV1/ABCC8/ZNF195/PRKAR2B/LIG3
GO:1901681	sulfur compound binding	41	41/1674	ADGRG1/SMOC1/ECI2/ANXA6/COL25A1/SLIT1/SLIT3/CHST15/GREM2/TH/EFEMP2/RRM2/EVA1C/FBN1/ITGA2/FSTL1/ADAMTS1/SLIT2/CCN1/THBS1/FST/COL5A1/APOE/FGFRL1/BMP4/LTBP2/CCN2/FN1/DPYSL3/PRMT8/MDK/APLP1/FGF9/BMP7/NRP1/ACOT7/ADA2/FGFR1/SOAT1/COL23A1/ANOS1
GO:1902670	carbon dioxide binding	0	0/1674	
GO:1904483	synthetic cannabinoid binding	0	0/1674	
GO:1904493	tetrahydrofolyl-poly(glutamate) polymer binding	0	0/1674	
GO:1990300	cellulosome binding	0	0/1674	
GO:0004362	glutathione-disulfide reductase (NADP) activity	0	0/1674	
GO:0004601	peroxidase activity	3	3/1674	GPX8/PRDX6/MGST1
GO:0004784	superoxide dismutase activity	1	1/1674	NQO1
GO:0004791	thioredoxin-disulfide reductase (NADP) activity	0	0/1674	
GO:0032542	sulfiredoxin activity	0	0/1674	
GO:0045174	glutathione dehydrogenase (ascorbate) activity	0	0/1674	
GO:0050605	superoxide reductase activity	0	0/1674	
GO:0004873	asialoglycoprotein receptor activity	0	0/1674	
GO:0004998	transferrin receptor activity	0	0/1674	
GO:0005044	scavenger receptor activity	3	3/1674	SCARA3/COLEC12/ACKR3
GO:0008196	vitellogenin receptor activity	0	0/1674	
GO:0016964	alpha-2 macroglobulin receptor activity	0	0/1674	
GO:0030226	apolipoprotein receptor activity	0	0/1674	
GO:0030228	lipoprotein particle receptor activity	1	1/1674	LRP8
GO:0033568	lactoferrin receptor activity	0	0/1674	
GO:0061714	folic acid receptor activity	0	0/1674	
GO:0070287	ferritin receptor activity	0	0/1674	
GO:0097020	COPII receptor activity	0	0/1674	
GO:0140488	heme receptor activity	0	0/1674	
GO:0140662	ATP-dependent protein folding chaperone	0	0/1674	
GO:0030371	translation repressor activity	4	4/1674	MIR125B1/EIF4EBP1/TYMS/CELF4
GO:0045183	translation factor activity, non-nucleic acid binding	0	0/1674	
GO:0090079	translation regulator activity, nucleic acid binding	3	3/1674	TYMS/CELF4/EEF1A2
GO:0000156	phosphorelay response regulator activity	0	0/1674	
GO:0009927	histidine phosphotransfer kinase activity	0	0/1674	
GO:0031992	energy transducer activity	0	0/1674	
GO:0038023	signaling receptor activity	98	98/1674	GPR162/EFNA4/ADGRG1/RORB/L1CAM/LPAR1/EPHB4/TMEM63A/DNER/DCC/BCAM/RTN4RL2/UNC5C/SSTR2/FZD2/NRXN1/ERBB4/AGTRAP/NR2C2/SPHK1/NR2F1/PTGER4/SOSTDC1/S1PR1/NLGN1/CHRNA5/GFRA2/AXL/GPRC5B/GABRB3/TMEM63C/ITGA2/GRM2/GRIK3/IL17RC/FZD5/CHRNB2/COLEC12/FZD1/LRP8/UNC5D/FZD7/GRIA1/PTPRN2/EPHB1/MERTK/TMEM123/GABRA2/DRD2/NTRK2/CHRNB3/EGFR/EPHA5/ACKR3/ERBB2/BMPR1B/LHCGR/GABBR2/PDGFRA/NOTCH2/CHRM3/TRIM5/IL13RA1/PLXNA3/SMO/MCHR1/FGFRL1/SDC4/CXCR4/ADRA1A/GRIA2/CNR1/EPHA4/PLXNA1/PDGFRB/P2RX3/MMD/B9D1/SORCS1/AHR/MET/CHRNA4/NRP1/LTBP4/CHRNA3/FGFR1/PLXNA2/CELSR1/NOTCH3/EPHA8/FGFR3/DCBLD2/NRXN3/GABRA3/MRC2/CRY1/CELSR3/ABCC8
GO:0030533	triplet codon-amino acid adaptor activity	0	0/1674	
GO:0030674	protein-macromolecule adaptor activity	36	36/1674	NEFL/STON1/FLRT2/CIB1/IRS1/MAP1A/COL1A2/SHANK2/SPTBN4/LDLRAP1/NMNAT2/DAB2/AKAP6/ANK3/STX6/SNAP25/TRIM22/TRIM5/FLRT3/NAPB/OBSL1/OPTN/MAPK8IP1/GRB14/SERINC1/STX1A/RAB3A/NAPA/HOMER2/STX1B/SNAP23/RAPGEF4/NDC80/GAB2/MAPK8IP2/SYN1
GO:0106260	DNA-DNA tethering activity	0	0/1674	
GO:0003925	G protein activity	0	0/1674	
GO:0016247	channel regulator activity	24	24/1674	FXYD7/CALM1/FLNA/PRKG1/LRRC26/NRXN1/BCL2/KCNAB1/CACNB3/SCN3B/PACSIN3/GRM2/CABP1/GPD1L/CALM2/REM2/FXYD6/DPP6/YWHAH/SGK1/STIM2/TSPAN13/STX1A/CACNG4
GO:0030234	enzyme regulator activity	123	123/1674	CD24/SRGAP2/TXNIP/ARHGDIG/ERCC6/ARHGAP19/RGL3/GDI1/CALM1/MMP17/PARVA/SSPOP/CIB1/SOCS3/PROS1/EFNA5/CDK5R1/NET1/CKS1B/RCAN2/CDK5R2/PKIA/TBC1D16/IGF2/GPRC5B/SPRED1/ARHGAP42/ALDH1A1/PTTG1/CASP3/ANXA5/ARHGEF3/CAMK2N2/SERPINI1/CAMK2N1/RALGDS/CPAMD8/CABP1/CCNB2/THY1/ACSL1/SERPINH1/SERPING1/RGS10/EGFR/PSD2/IQGAP2/SFRP2/CCNA2/SLIT2/CALM2/ANP32E/RGS16/COX17/PLCE1/ARHGAP29/PARP6/THBS1/GARNL3/SPRY2/RGS8/PPP1R1A/AGAP2/ANXA1/CCNB1/SWAP70/PCNA/SERPINF1/RAP1GAP2/ACAP3/SH3BP5/EPS8L1/BST2/APOE/DOCK6/CDKN2D/SMO/DOCK4/BMP2/CKS2/MAPK8IP1/IQSEC3/CDC20/RGS2/ARHGEF2/FN1/ECT2/KAT2B/RASGRF2/ARFGEF3/TBC1D30/ARHGEF17/CCND1/CYTH1/RUNDC3A/SPOCK2/RAPGEF1/NCS1/PPP1R17/HSPB1/STK3/TIMP1/ARFGAP1/NRP1/SH2D3C/RGS17/MAP3K20/RAPGEF4/BIRC5/PHACTR3/RIMS1/FBLN1/RASAL2/SNCB/PPP2R2C/FRY/MAP3K13/PPP2R5B/PSD/DEPDC1/ANOS1/FYN/PRKAR2B
GO:0030545	signaling receptor regulator activity	46	46/1674	TAFA5/FLRT2/EFNA5/GREM2/SCG2/TRH/IGF2/FBN1/HMGB2/FGF19/FNDC5/EDA/NBL1/SST/SEMA3D/VEGFC/LYPD6B/LYPD1/EGFR/CXCL14/PDGFC/SFRP2/MANF/LEFTY2/ADCYAP1/FBN2/GDF11/FST/VGF/TMEM35A/FLRT3/BMP2/BMP4/WNT5A/STC2/MDK/METRN/FGF9/TIMP1/BMP7/ADA2/TGFB2/CHGB/SEMA3C/DKK3/GRN
GO:0060590	ATPase regulator activity	1	1/1674	DNAJC1
GO:0140659	cytoskeletal motor regulator activity	0	0/1674	
GO:0140677	molecular function activator activity	104	104/1674	CD24/SRGAP2/ARHGDIG/ERCC6/TAFA5/ARHGAP19/GDI1/CALM1/MMP17/BLM/FLRT2/LRRC26/EFNA5/GREM2/CDK5R1/CKS1B/SCG2/CDK5R2/TRH/TBC1D16/IGF2/GPRC5B/FBN1/HTRA1/ARHGAP42/ALDH1A1/PTTG1/CITED2/CASP3/HMGB2/FGF19/FNDC5/EDA/NBL1/SST/THY1/SEMA3D/ACSL1/NEK7/VEGFC/RGS10/EGFR/CXCL14/IQGAP2/PDGFC/SFRP2/MANF/CALM2/LEFTY2/RGS16/ADCYAP1/FBN2/COX17/ARHGAP29/PARP6/GARNL3/DNAJC1/SPRY2/RGS8/AGAP2/GDF11/CCNB1/PCNA/RAP1GAP2/ACAP3/APOE/VGF/DOCK4/FLRT3/BMP2/BMP4/CKS2/CDC20/RGS2/FN1/ECT2/WNT5A/STC2/TBC1D30/MDK/CCND1/NCS1/MET/STK3/METRN/FGF9/TIMP1/ARFGAP1/BMP7/NRP1/ADA2/TGFB2/RGS17/MAP3K20/CHGB/AURKA/FBLN1/RASAL2/SEMA3C/MAP3K13/PPP2R5B/GRN/DEPDC1/FYN
GO:0140678	molecular function inhibitor activity	59	59/1674	TXNIP/MIAT/CALM1/PARVA/SSPOP/CIB1/SOCS3/PROS1/BCL2/PKIA/KCNAB1/SCN3B/SPRED1/PACSIN3/PTTG1/CASP3/ANXA5/CAMK2N2/SERPINI1/CAMK2N1/CPAMD8/CABP1/LYPD1/SERPINH1/SERPING1/IQGAP2/SLIT2/CALM2/ANP32E/SMAD6/THBS1/SPRY2/PPP1R1A/ANXA1/FST/BEX1/BEX2/SERPINF1/SH3BP5/BST2/CDKN2D/SMO/ID1/MAPK8IP1/RGS2/KAT2B/MDFI/SPOCK2/PPP1R17/HSPB1/STX1A/TIMP1/BIRC5/PHACTR3/SNCB/FRY/DKK3/ANOS1/PRKAR2B
GO:0005344	oxygen carrier activity	0	0/1674	
GO:0016530	metallochaperone activity	1	1/1674	COX17
GO:0097163	sulfur carrier activity	0	0/1674	
GO:0140132	iron-sulfur cluster carrier activity	0	0/1674	
GO:0140142	nucleocytoplasmic carrier activity	0	0/1674	
GO:0140414	phosphopantetheine-dependent carrier activity	0	0/1674	
GO:0140597	protein carrier chaperone	1	1/1674	ANP32E
GO:0001070	RNA-binding transcription regulator activity	0	0/1674	
GO:0001072	transcription antitermination factor activity, RNA binding	0	0/1674	
GO:0001073	transcription antitermination factor activity, DNA binding	0	0/1674	
GO:0003700	DNA-binding transcription factor activity	89	89/1674	SCRT2/MXD3/OLIG2/ONECUT3/RORB/ZNF71/LITAF/MITF/MYT1L/POU3F1/PBX1/PCBP3/CREB3L2/PLAG1/SOX2/ZNF467/ATOH7/ZHX2/MAF/NHLH2/NR2C2/TGIF1/ZBTB38/NR2F1/FOSL1/INSM1/NHLH1/SMAD1/ONECUT1/SMAD3/STAT6/OTX2/EBF1/ATF3/NFIA/ZNF382/ELK4/ZIC1/ZNF117/POU4F2/NPAS3/FOXO1/TCF7L2/NFIB/CREB5/CSRNP1/AFF3/BARHL2/PRDM16/NFIC/FOXN4/ETV6/TFAP2A/MYCN/MEIS2/BHLHE40/E2F5/DACH2/SLC2A4RG/RREB1/HIF3A/VSX2/ONECUT2/TGIF2/PROX1/DLX2/HES1/BCL6/FOXM1/HLF/EBF3/GATA3/GLIS3/LHX2/AEBP1/GLI3/AHR/TFEC/ERF/KLF5/REST/TEAD2/GLI2/ZIC2/POU2F2/ISL1/TFAP2D/ETV1/ZNF195
GO:0003711	transcription elongation factor activity	0	0/1674	
GO:0003712	transcription coregulator activity	34	34/1674	PAWR/BASP1/PARP14/CITED2/HMGB2/PBXIP1/BTG2/PRDM8/PTPN14/ARID5B/HMGA2/ANKRD1/MED12L/CREG1/PRDM16/WTIP/MYOCD/YAP1/TFAP2A/TRIM22/TRIM5/AJUBA/TRIM25/KAT2B/CCND1/RBFOX2/RCOR1/PIR/RUNX1T1/JADE1/ACTL6B/MTA3/HDAC9/WWTR1
GO:0043856	anti-sigma factor antagonist activity	0	0/1674	
GO:0000995	RNA polymerase III general transcription initiation factor activity	1	1/1674	SNAPC1
GO:0001181	RNA polymerase I general transcription initiation factor activity	0	0/1674	
GO:0016251	RNA polymerase II general transcription initiation factor activity	2	2/1674	TBPL1/SNAPC1
GO:0000155	phosphorelay sensor kinase activity	0	0/1674	
GO:0005034	osmosensor activity	2	2/1674	TMEM63A/TMEM63C
GO:0019826	oxygen sensor activity	0	0/1674	
GO:0035991	nitric oxide sensor activity	0	0/1674	
GO:0070027	carbon monoxide sensor activity	0	0/1674	
GO:0106254	lipid sensor activity	0	0/1674	
GO:0140442	peroxide sensor activity	0	0/1674	
GO:0140612	DNA damage sensor activity	2	2/1674	XRCC2/RAD51B
GO:0140784	metal ion sensor activity	1	1/1674	EFHD1
GO:0140785	amino acid sensor activity	0	0/1674	
GO:0141089	glucose sensor activity	0	0/1674	
GO:0097351	toxin sequestering activity	0	0/1674	
GO:0140311	protein sequestering activity	1	1/1674	SMAD6
GO:0140319	receptor decoy activity	0	0/1674	
GO:0140487	metal ion sequestering activity	0	0/1674	
GO:0140610	RNA sequestering activity	0	0/1674	
GO:0000497	DNA template activity	0	0/1674	
GO:0140490	microtubule nucleator activity	0	0/1674	
GO:0140523	GTPase-dependent fusogenic activity	0	0/1674	
GO:0004176	ATP-dependent peptidase activity	0	0/1674	
GO:0004386	helicase activity	13	13/1674	BLM/FANCM/MOV10/DSCC1/BRIP1/RFC3/CHTF18/HELLS/MCM3/MCM4/MCM5/MCM6/MCM2
GO:0008094	ATP-dependent activity, acting on DNA	16	16/1674	ERCC6/BLM/XRCC2/FANCM/RAD51B/DSCC1/BRIP1/RFC3/TOP2A/CHTF18/HELLS/MCM3/MCM4/MCM5/MCM6/MCM2
GO:0008186	ATP-dependent activity, acting on RNA	3	3/1674	FANCM/MOV10/BRIP1
GO:0008568	microtubule severing ATPase activity	1	1/1674	FIGN
GO:0008641	ubiquitin-like modifier activating enzyme activity	0	0/1674	
GO:0015645	fatty acid ligase activity	2	2/1674	ACSF2/ACSL1
GO:0016887	ATP hydrolysis activity	39	39/1674	ERCC6/BLM/FANCM/KIF18B/FIGN/RAD51B/CARNS1/KIF5C/ATAD2/KIF5A/MOV10/ABCA12/ATP8B2/KIF2C/KIF23/BRIP1/NAV1/RFC3/KIF3A/CHTF18/KIF18A/KIF14/KIF21B/SMC4/KIF20A/MCM3/ATP1A3/MCM4/KIF3B/MCM5/KIF16B/KIF3C/KIF22/MCM6/MCM2/ATP2C2/ATP9A/ATP1A2/ABCC8
GO:0030899	calcium-dependent ATPase activity	0	0/1674	
GO:0036310	ATP-dependent DNA/DNA annealing activity	0	0/1674	
GO:0036402	proteasome-activating activity	0	0/1674	
GO:0042626	ATPase-coupled transmembrane transporter activity	8	8/1674	ATP6V0E2/ATP6V0D1/ABCA12/ATP6V1B1/ATP1A3/ATP2C2/ATP1A2/ABCC8
GO:0070463	tubulin-dependent ATPase activity	1	1/1674	KIF18A
GO:0140326	ATPase-coupled intramembrane lipid transporter activity	3	3/1674	ABCA12/ATP8B2/ATP9A
GO:0140545	ATP-dependent protein disaggregase activity	0	0/1674	
GO:0140567	membrane protein dislocase activity	0	0/1674	
GO:0140663	ATP-dependent FeS chaperone activity	0	0/1674	
GO:1990833	clathrin-uncoating ATPase activity	0	0/1674	
GO:0003789	actin filament severing activity	0	0/1674	
GO:0140775	actin filament debranching activity	0	0/1674	
GO:0140778	microtubule stabilizing activity	0	0/1674	
GO:0031386	protein tag activity	0	0/1674	
GO:0141048	membrane tag activity	0	0/1674	
